timestamp,side,shares,fill_price,commission,spread_cost
2025-11-24 09:30:00-05:00,SELL,18,273.0740273321951,0.009000000000000001,0.4917060241699219
2025-11-24 10:42:00-05:00,BUY,36,274.026245811761,0.018000000000000002,0.9861479736328126
2025-11-24 10:42:00-05:00,SELL,18,273.8337395398015,0.009000000000000001,0.4930739868164063
2025-11-24 10:43:00-05:00,BUY,18,273.95621388846706,0.009000000000000001,0.4929479736328125
2025-11-24 11:55:00-05:00,SELL,36,274.6634649794063,0.018000000000000002,0.98913603515625
2025-11-24 12:21:00-05:00,BUY,36,275.16666103694405,0.018000000000000002,0.9902520263671876
2025-11-24 12:21:00-05:00,SELL,18,274.97335361149345,0.009000000000000001,0.4951260131835938
2025-11-24 12:22:00-05:00,BUY,18,275.2466757147791,0.009000000000000001,0.4952699890136719
2025-11-24 12:32:00-05:00,SELL,36,274.7184383319384,0.018000000000000002,0.9893340087890625
2025-11-24 12:42:00-05:00,BUY,36,275.07153484994143,0.018000000000000002,0.9899096923828126
2025-11-24 12:42:00-05:00,SELL,18,274.87829425162107,0.009000000000000001,0.4949548461914063
2025-11-24 12:43:00-05:00,BUY,18,275.04161711461967,0.009000000000000001,0.49490101318359375
2025-11-24 14:06:00-05:00,SELL,36,275.8430430310189,0.018000000000000002,0.9933840087890625
2025-11-24 14:14:00-05:00,BUY,36,276.26705365905894,0.018000000000000002,0.9942120483398439
2025-11-24 14:14:00-05:00,SELL,18,276.0729731964098,0.009000000000000001,0.49710602416992195
2025-11-24 14:15:00-05:00,BUY,18,276.28704969644235,0.009000000000000001,0.49714200439453127
2025-11-24 14:32:00-05:00,SELL,36,275.9929842228587,0.018000000000000002,0.9939239868164064
2025-11-24 15:04:00-05:00,BUY,36,276.5771601441593,0.018000000000000002,0.9953280395507812
2025-11-24 15:04:00-05:00,SELL,18,276.38286182849697,0.009000000000000001,0.4976640197753906
2025-11-24 15:05:00-05:00,BUY,18,276.52712425824876,0.009000000000000001,0.4975739868164063
2025-11-24 15:53:00-05:00,SELL,36,275.4831536637486,0.018000000000000002,0.9920879516601564
2025-11-25 09:30:00-05:00,BUY,18,277.38744231855725,0.009000000000000001,0.49912201538085943
2025-11-25 09:31:00-05:00,SELL,18,277.5824218700699,0.009000000000000001,0.4998239868164063
2025-11-25 09:31:00-05:00,BUY,18,277.7775634814926,0.009000000000000001,0.4998239868164063
2025-11-25 09:32:00-05:00,SELL,17,278.4076322951493,0.0085,0.47345933837890625
2025-11-25 09:32:00-05:00,BUY,17,278.6033540329757,0.0085,0.47345933837890625
2025-11-25 09:33:00-05:00,BUY,17,279.29811711507,0.0085,0.47464002075195316
2025-11-25 09:33:00-05:00,SELL,17,279.1019072989925,0.0085,0.47464002075195316
2025-11-25 09:34:00-05:00,BUY,17,278.6428881832223,0.0085,0.47352652282714847
2025-11-25 09:34:00-05:00,SELL,17,278.44713867224647,0.0085,0.47352652282714847
2025-11-25 09:35:00-05:00,BUY,17,279.66824224062196,0.0085,0.47526901245117187
2025-11-25 09:35:00-05:00,SELL,17,279.47177240781554,0.0085,0.47526901245117187
2025-11-25 09:36:00-05:00,BUY,17,280.258537475501,0.0085,0.4762721618652344
2025-11-25 09:36:00-05:00,SELL,17,280.0616529541865,0.0085,0.4762721618652344
2025-11-25 09:37:00-05:00,BUY,17,280.3634937755379,0.0085,0.4764505249023438
2025-11-25 09:37:00-05:00,SELL,17,280.1665355213371,0.0085,0.4764505249023438
2025-11-25 09:38:00-05:00,BUY,17,279.7282608810736,0.0085,0.4753710083007813
2025-11-25 09:38:00-05:00,SELL,17,279.5317488845514,0.0085,0.4753710083007813
2025-11-25 09:39:00-05:00,BUY,17,279.9183300852707,0.0085,0.4756940124511719
2025-11-25 09:39:00-05:00,SELL,17,279.7216845631668,0.0085,0.4756940124511719
2025-11-25 09:40:00-05:00,BUY,17,279.7318632206327,0.0085,0.47537713012695315
2025-11-25 09:40:00-05:00,SELL,17,279.5353486934298,0.0085,0.47537713012695315
2025-11-25 09:41:00-05:00,BUY,17,279.36811851006263,0.0085,0.4747589813232422
2025-11-25 09:41:00-05:00,SELL,17,279.1718595172811,0.0085,0.4747589813232422
2025-11-25 09:42:00-05:00,BUY,17,279.6532223163584,0.0085,0.47524348754882817
2025-11-25 09:42:00-05:00,SELL,17,279.4567630352041,0.0085,0.47524348754882817
2025-11-25 09:43:00-05:00,BUY,17,279.11803066541387,0.0085,0.4743339813232422
2025-11-25 09:43:00-05:00,SELL,17,278.9219473619299,0.0085,0.4743339813232422
2025-11-25 09:44:00-05:00,BUY,17,280.04825853581093,0.0085,0.4759148132324219
2025-11-25 09:44:00-05:00,SELL,17,279.85152173762657,0.0085,0.4759148132324219
2025-11-25 09:45:00-05:00,BUY,17,279.3731251514838,0.0085,0.4747674896240235
2025-11-25 09:45:00-05:00,SELL,17,279.17686264148495,0.0085,0.4747674896240235
2025-11-25 09:46:00-05:00,BUY,17,279.6982515608478,0.0085,0.4753200103759766
2025-11-25 09:46:00-05:00,SELL,17,279.50176064618347,0.0085,0.4753200103759766
2025-11-25 09:47:00-05:00,BUY,17,279.3343236804696,0.0085,0.4747015502929688
2025-11-25 09:47:00-05:00,SELL,17,279.1380884289054,0.0085,0.4747015502929688
2025-11-25 09:48:00-05:00,BUY,17,279.08802134518805,0.0085,0.47428298339843755
2025-11-25 09:48:00-05:00,SELL,17,278.89195912356195,0.0085,0.47428298339843755
2025-11-25 09:49:00-05:00,BUY,17,278.5378402982813,0.0085,0.47334800415039063
2025-11-25 09:49:00-05:00,SELL,17,278.3421645845312,0.0085,0.47334800415039063
2025-11-25 09:50:00-05:00,BUY,17,278.27773917079014,0.0085,0.4729059875488281
2025-11-25 09:50:00-05:00,SELL,17,278.08224618077236,0.0085,0.4729059875488281
2025-11-25 09:51:00-05:00,BUY,17,278.5128376194767,0.0085,0.47330551452636727
2025-11-25 09:51:00-05:00,SELL,17,278.317179470367,0.0085,0.47330551452636727
2025-11-25 09:52:00-05:00,BUY,17,278.78792814293007,0.0085,0.47377300415039064
2025-11-25 09:52:00-05:00,SELL,17,278.59207673988243,0.0085,0.47377300415039064
2025-11-25 09:53:00-05:00,BUY,17,278.8679428207651,0.0085,0.4739089813232422
2025-11-25 09:53:00-05:00,SELL,17,278.67203520657864,0.0085,0.4739089813232422
2025-11-25 09:54:00-05:00,BUY,17,279.1480399856397,0.0085,0.4743849792480469
2025-11-25 09:54:00-05:00,SELL,17,278.9519356002978,0.0085,0.4743849792480469
2025-11-25 09:55:00-05:00,BUY,17,279.27308390796406,0.0085,0.4745974792480469
2025-11-25 09:55:00-05:00,SELL,17,279.07689167797344,0.0085,0.4745974792480469
2025-11-25 09:56:00-05:00,BUY,17,279.6232129961326,0.0085,0.47519248962402344
2025-11-25 09:56:00-05:00,SELL,17,279.4267747968361,0.0085,0.47519248962402344
2025-11-25 09:57:00-05:00,BUY,17,279.2681077948442,0.0085,0.47458902282714843
2025-11-25 09:57:00-05:00,SELL,17,279.07191906062457,0.0085,0.47458902282714843
2025-11-25 09:58:00-05:00,BUY,17,278.79293478435125,0.0085,0.4737815124511719
2025-11-25 09:58:00-05:00,SELL,17,278.59707986408625,0.0085,0.4737815124511719
2025-11-25 09:59:00-05:00,BUY,17,279.4781730364248,0.0085,0.47494600830078126
2025-11-25 09:59:00-05:00,SELL,17,279.2818367292002,0.0085,0.47494600830078126
2025-11-25 10:00:00-05:00,BUY,17,279.03801598757883,0.0085,0.47419800415039065
2025-11-25 10:00:00-05:00,SELL,17,278.84198889523367,0.0085,0.47419800415039065
2025-11-25 10:01:00-05:00,BUY,17,278.6979001822527,0.0085,0.47362001037597656
2025-11-25 10:01:00-05:00,SELL,17,278.50211202477857,0.0085,0.47362001037597656
2025-11-25 10:02:00-05:00,BUY,17,277.99764200591557,0.0085,0.47242998962402344
2025-11-25 10:02:00-05:00,SELL,17,277.8023457870532,0.0085,0.47242998962402344
2025-11-25 10:03:00-05:00,BUY,17,278.03265796756256,0.0085,0.4724894958496094
2025-11-25 10:03:00-05:00,SELL,17,277.83733714962494,0.0085,0.4724894958496094
2025-11-25 10:04:00-05:00,BUY,17,278.0176685716003,0.0085,0.47246402282714844
2025-11-25 10:04:00-05:00,SELL,17,277.8223582838684,0.0085,0.47246402282714844
2025-11-25 10:05:00-05:00,BUY,17,278.4558107525573,0.0085,0.47320860290527345
2025-11-25 10:05:00-05:00,SELL,17,278.26019266541147,0.0085,0.47320860290527345
2025-11-25 10:06:00-05:00,BUY,17,278.7279095024785,0.0085,0.4736710083007813
2025-11-25 10:06:00-05:00,SELL,17,278.5321002631465,0.0085,0.4736710083007813
2025-11-25 10:07:00-05:00,BUY,17,279.0580120249623,0.0085,0.4742319854736329
2025-11-25 10:07:00-05:00,SELL,17,278.86197088519395,0.0085,0.4742319854736329
2025-11-25 10:08:00-05:00,BUY,17,278.89297602787104,0.0085,0.4739515228271485
2025-11-25 10:08:00-05:00,SELL,17,278.6970508275977,0.0085,0.4739515228271485
2025-11-25 10:09:00-05:00,BUY,17,279.3631423969428,0.0085,0.47475052490234376
2025-11-25 10:09:00-05:00,SELL,17,279.1668868999322,0.0085,0.47475052490234376
2025-11-25 10:10:00-05:00,BUY,17,279.21306526751243,0.0085,0.4744954833984375
2025-11-25 10:10:00-05:00,SELL,17,279.01691520123757,0.0085,0.4744954833984375
2025-11-25 10:11:00-05:00,BUY,17,278.9379747440591,0.0085,0.47402799377441407
2025-11-25 10:11:00-05:00,SELL,17,278.74201793172216,0.0085,0.47402799377441407
2025-11-25 10:12:00-05:00,BUY,17,279.0830147037669,0.0085,0.47427447509765625
2025-11-25 10:12:00-05:00,SELL,17,278.8869559993581,0.0085,0.47427447509765625
2025-11-25 10:13:00-05:00,BUY,17,279.0580120249623,0.0085,0.4742319854736329
2025-11-25 10:13:00-05:00,SELL,17,278.86197088519395,0.0085,0.4742319854736329
2025-11-25 10:14:00-05:00,BUY,17,278.9629774228637,0.0085,0.4740704833984375
2025-11-25 10:14:00-05:00,SELL,17,278.7670030458863,0.0085,0.4740704833984375
2025-11-25 10:15:00-05:00,BUY,17,279.18806258870785,0.0085,0.4744529937744141
2025-11-25 10:15:00-05:00,SELL,17,278.9919300870734,0.0085,0.4744529937744141
2025-11-25 10:16:00-05:00,BUY,17,279.24307458773825,0.0085,0.47454648132324223
2025-11-25 10:16:00-05:00,SELL,17,279.0469034396055,0.0085,0.47454648132324223
2025-11-25 10:17:00-05:00,BUY,17,278.9079654238333,0.0085,0.4739769958496094
2025-11-25 10:17:00-05:00,SELL,17,278.7120296933542,0.0085,0.4739769958496094
2025-11-25 10:18:00-05:00,BUY,17,279.15805326848204,0.0085,0.4744019958496094
2025-11-25 10:18:00-05:00,SELL,17,278.96194184870546,0.0085,0.4744019958496094
2025-11-25 10:19:00-05:00,BUY,17,279.20805862609126,0.0085,0.4744869750976563
2025-11-25 10:19:00-05:00,SELL,17,279.01191207703374,0.0085,0.4744869750976563
2025-11-25 10:20:00-05:00,BUY,17,278.99799338451066,0.0085,0.4741299896240234
2025-11-25 10:20:00-05:00,SELL,17,278.8019944084581,0.0085,0.4741299896240234
2025-11-25 10:21:00-05:00,BUY,17,278.96798406428485,0.0085,0.47407899169921874
2025-11-25 10:21:00-05:00,SELL,17,278.77200617009015,0.0085,0.47407899169921874
2025-11-25 10:22:00-05:00,BUY,17,278.7829215015089,0.0085,0.4737644958496094
2025-11-25 10:22:00-05:00,SELL,17,278.5870736156786,0.0085,0.4737644958496094
2025-11-25 10:23:00-05:00,BUY,17,278.70788293679374,0.0085,0.47363697509765623
2025-11-25 10:23:00-05:00,SELL,17,278.51208776633126,0.0085,0.47363697509765623
2025-11-25 10:24:00-05:00,BUY,17,278.5137229402158,0.0085,0.4733070190429688
2025-11-25 10:24:00-05:00,SELL,17,278.3180641691592,0.0085,0.4733070190429688
2025-11-25 10:25:00-05:00,BUY,17,278.75791882270426,0.0085,0.47372200622558597
2025-11-25 10:25:00-05:00,SELL,17,278.5620885015145,0.0085,0.47372200622558597
2025-11-25 10:26:00-05:00,BUY,17,278.7779148600877,0.0085,0.47375598754882814
2025-11-25 10:26:00-05:00,SELL,17,278.5820704914748,0.0085,0.47375598754882814
2025-11-25 10:27:00-05:00,SELL,17,278.41715043387853,0.0085,0.4734755249023438
2025-11-25 10:27:00-05:00,BUY,17,278.61287886299647,0.0085,0.4734755249023438
2025-11-25 10:28:00-05:00,SELL,17,278.60705560563895,0.0085,0.4737984771728516
2025-11-25 10:28:00-05:00,BUY,17,278.8029175388923,0.0085,0.4737984771728516
2025-11-25 10:29:00-05:00,SELL,17,278.8069975326619,0.0085,0.4741384979248047
2025-11-25 10:29:00-05:00,BUY,17,279.00300002593184,0.0085,0.4741384979248047
2025-11-25 10:30:00-05:00,SELL,17,279.1718595172811,0.0085,0.4747589813232422
2025-11-25 10:30:00-05:00,BUY,17,279.36811851006263,0.0085,0.4747589813232422
2025-11-25 10:31:00-05:00,SELL,17,279.23195802143664,0.0085,0.4748611846923828
2025-11-25 10:31:00-05:00,BUY,17,279.4282592637196,0.0085,0.4748611846923828
2025-11-25 10:32:00-05:00,SELL,17,279.33681008173227,0.0085,0.47503949584960936
2025-11-25 10:32:00-05:00,BUY,17,279.53318503545523,0.0085,0.47503949584960936
2025-11-25 10:33:00-05:00,SELL,17,279.42177167263236,0.0085,0.4751839813232422
2025-11-25 10:33:00-05:00,BUY,17,279.6182063547114,0.0085,0.4751839813232422
2025-11-25 10:34:00-05:00,BUY,17,279.59830190223204,0.0085,0.47515015563964846
2025-11-25 10:34:00-05:00,SELL,17,279.4018812032367,0.0085,0.47515015563964846
2025-11-25 10:35:00-05:00,BUY,17,279.1280439482563,0.0085,0.47435099792480473
2025-11-25 10:35:00-05:00,SELL,17,278.9319536103375,0.0085,0.47435099792480473
2025-11-25 10:36:00-05:00,BUY,17,279.20805862609126,0.0085,0.4744869750976563
2025-11-25 10:36:00-05:00,SELL,17,279.01191207703374,0.0085,0.4744869750976563
2025-11-25 10:37:00-05:00,BUY,17,279.0280027047365,0.0085,0.4741809875488282
2025-11-25 10:37:00-05:00,SELL,17,278.831982646826,0.0085,0.4741809875488282
2025-11-25 10:38:00-05:00,BUY,17,279.0580120249623,0.0085,0.4742319854736329
2025-11-25 10:38:00-05:00,SELL,17,278.86197088519395,0.0085,0.4742319854736329
2025-11-25 10:39:00-05:00,BUY,17,278.94798802690144,0.0085,0.47404501037597657
2025-11-25 10:39:00-05:00,SELL,17,278.7520241801298,0.0085,0.47404501037597657
2025-11-25 10:40:00-05:00,BUY,17,279.25809451200183,0.0085,0.474572006225586
2025-11-25 10:40:00-05:00,SELL,17,279.0619128122169,0.0085,0.474572006225586
2025-11-25 10:41:00-05:00,BUY,17,279.18806258870785,0.0085,0.4744529937744141
2025-11-25 10:41:00-05:00,SELL,17,278.9919300870734,0.0085,0.4744529937744141
2025-11-25 10:42:00-05:00,BUY,17,279.18806258870785,0.0085,0.4744529937744141
2025-11-25 10:42:00-05:00,SELL,17,278.9919300870734,0.0085,0.4744529937744141
2025-11-25 10:43:00-05:00,BUY,17,279.1480399856397,0.0085,0.4743849792480469
2025-11-25 10:43:00-05:00,SELL,17,278.9519356002978,0.0085,0.4743849792480469
2025-11-25 10:44:00-05:00,BUY,17,279.6587174106012,0.0085,0.4752528259277344
2025-11-25 10:44:00-05:00,SELL,17,279.4622542690863,0.0085,0.4752528259277344
2025-11-25 10:45:00-05:00,BUY,17,279.61323024159157,0.0085,0.47517552490234377
2025-11-25 10:45:00-05:00,SELL,17,279.41679905528343,0.0085,0.47517552490234377
2025-11-25 10:46:00-05:00,BUY,17,279.6582289577796,0.0085,0.4752519958496094
2025-11-25 10:46:00-05:00,SELL,17,279.4617661594079,0.0085,0.4752519958496094
2025-11-25 10:47:00-05:00,BUY,17,279.5081823566506,0.0085,0.47499700622558594
2025-11-25 10:47:00-05:00,SELL,17,279.31182496756816,0.0085,0.47499700622558594
2025-11-25 10:48:00-05:00,BUY,17,279.3531291141004,0.0085,0.47473350830078126
2025-11-25 10:48:00-05:00,SELL,17,279.1568806515246,0.0085,0.47473350830078126
2025-11-25 10:49:00-05:00,BUY,17,279.0234234595342,0.0085,0.47417320556640624
2025-11-25 10:49:00-05:00,SELL,17,278.8274066185908,0.0085,0.47417320556640624
2025-11-25 10:50:00-05:00,BUY,17,278.78792814293007,0.0085,0.47377300415039064
2025-11-25 10:50:00-05:00,SELL,17,278.59207673988243,0.0085,0.47377300415039064
2025-11-25 10:51:00-05:00,BUY,17,278.7279095024785,0.0085,0.4736710083007813
2025-11-25 10:51:00-05:00,SELL,17,278.5321002631465,0.0085,0.4736710083007813
2025-11-25 10:52:00-05:00,BUY,17,278.93608198937545,0.0085,0.47402477722167974
2025-11-25 10:52:00-05:00,SELL,17,278.7401265067183,0.0085,0.47402477722167974
2025-11-25 10:53:00-05:00,BUY,17,278.86015810392115,0.0085,0.47389575195312506
2025-11-25 10:53:00-05:00,SELL,17,278.66425595857885,0.0085,0.47389575195312506
2025-11-25 10:54:00-05:00,BUY,17,278.76793210554666,0.0085,0.47373902282714847
2025-11-25 10:54:00-05:00,SELL,17,278.5720947499221,0.0085,0.47373902282714847
2025-11-25 10:55:00-05:00,BUY,17,278.72290286105726,0.0085,0.47366250000000004
2025-11-25 10:55:00-05:00,SELL,17,278.52709713894274,0.0085,0.47366250000000004
2025-11-25 10:56:00-05:00,SELL,17,278.492105776371,0.0085,0.4736029937744141
2025-11-25 10:56:00-05:00,BUY,17,278.6878868994103,0.0085,0.4736029937744141
2025-11-25 10:57:00-05:00,SELL,17,278.55708537731067,0.0085,0.4737134979248047
2025-11-25 10:57:00-05:00,BUY,17,278.7529121812831,0.0085,0.4737134979248047
2025-11-25 10:58:00-05:00,SELL,17,278.7060198429387,0.0085,0.47396677551269534
2025-11-25 10:58:00-05:00,BUY,17,278.90195134846755,0.0085,0.47396677551269534
2025-11-25 10:59:00-05:00,SELL,17,278.74101120551046,0.0085,0.47402628173828126
2025-11-25 10:59:00-05:00,BUY,17,278.93696731011454,0.0085,0.47402628173828126
2025-11-25 11:00:00-05:00,SELL,17,278.89195912356195,0.0085,0.47428298339843755
2025-11-25 11:00:00-05:00,BUY,17,279.08802134518805,0.0085,0.47428298339843755
2025-11-25 11:01:00-05:00,SELL,17,278.831982646826,0.0085,0.4741809875488282
2025-11-25 11:01:00-05:00,BUY,17,279.0280027047365,0.0085,0.4741809875488282
2025-11-25 11:02:00-05:00,SELL,17,278.7220359417618,0.0085,0.4739940124511719
2025-11-25 11:02:00-05:00,BUY,17,278.9179787066757,0.0085,0.4739940124511719
2025-11-25 11:03:00-05:00,SELL,17,278.831982646826,0.0085,0.4741809875488282
2025-11-25 11:03:00-05:00,BUY,17,279.0280027047365,0.0085,0.4741809875488282
2025-11-25 11:04:00-05:00,SELL,17,278.85199514364126,0.0085,0.4742150207519531
2025-11-25 11:04:00-05:00,BUY,17,279.04802927042124,0.0085,0.4742150207519531
2025-11-25 11:05:00-05:00,SELL,17,278.6270681024542,0.0085,0.47383251037597657
2025-11-25 11:05:00-05:00,BUY,17,278.82294410457706,0.0085,0.47383251037597657
2025-11-25 11:06:00-05:00,SELL,17,278.74201793172216,0.0085,0.47402799377441407
2025-11-25 11:06:00-05:00,BUY,17,278.9379747440591,0.0085,0.47402799377441407
2025-11-25 11:07:00-05:00,SELL,17,278.86197088519395,0.0085,0.4742319854736329
2025-11-25 11:07:00-05:00,BUY,17,279.0580120249623,0.0085,0.4742319854736329
2025-11-25 11:08:00-05:00,SELL,17,278.86197088519395,0.0085,0.4742319854736329
2025-11-25 11:08:00-05:00,BUY,17,279.0580120249623,0.0085,0.4742319854736329
2025-11-25 11:09:00-05:00,SELL,17,278.72703906596564,0.0085,0.47400252075195315
2025-11-25 11:09:00-05:00,BUY,17,278.92298534809686,0.0085,0.47400252075195315
2025-11-25 11:10:00-05:00,SELL,17,278.6420469682107,0.0085,0.47385798339843754
2025-11-25 11:10:00-05:00,BUY,17,278.8379335005393,0.0085,0.47385798339843754
2025-11-25 11:11:00-05:00,SELL,17,278.33716146032737,0.0085,0.4733394958496094
2025-11-25 11:11:00-05:00,BUY,17,278.53283365686013,0.0085,0.4733394958496094
2025-11-25 11:12:00-05:00,SELL,17,278.4271261754312,0.0085,0.47349248962402346
2025-11-25 11:12:00-05:00,BUY,17,278.6228616175375,0.0085,0.47349248962402346
2025-11-25 11:13:00-05:00,SELL,17,278.38713168865564,0.0085,0.4734244750976563
2025-11-25 11:13:00-05:00,BUY,17,278.58283901446936,0.0085,0.4734244750976563
2025-11-25 11:14:00-05:00,SELL,17,278.25219986942733,0.0085,0.47319501037597655
2025-11-25 11:14:00-05:00,BUY,17,278.4478123376039,0.0085,0.47319501037597655
2025-11-25 11:15:00-05:00,SELL,17,278.13224691595553,0.0085,0.47299101867675786
2025-11-25 11:15:00-05:00,BUY,17,278.3277750567007,0.0085,0.47299101867675786
2025-11-25 11:16:00-05:00,SELL,17,278.28218810779526,0.0085,0.47324600830078123
2025-11-25 11:16:00-05:00,BUY,17,278.47782165782974,0.0085,0.47324600830078123
2025-11-25 11:17:00-05:00,SELL,17,278.31217634616326,0.0085,0.47329700622558596
2025-11-25 11:17:00-05:00,BUY,17,278.5078309780555,0.0085,0.47329700622558596
2025-11-25 11:18:00-05:00,SELL,17,278.39213481285947,0.0085,0.47343298339843753
2025-11-25 11:18:00-05:00,BUY,17,278.58784565589053,0.0085,0.47343298339843753
2025-11-25 11:19:00-05:00,SELL,17,278.2802966827914,0.0085,0.4732427917480469
2025-11-25 11:19:00-05:00,BUY,17,278.4759289031461,0.0085,0.4732427917480469
2025-11-25 11:20:00-05:00,SELL,17,278.5220024941742,0.0085,0.47365383605957034
2025-11-25 11:20:00-05:00,BUY,17,278.71780463473203,0.0085,0.47365383605957034
2025-11-25 11:21:00-05:00,SELL,17,278.50211202477857,0.0085,0.47362001037597656
2025-11-25 11:21:00-05:00,BUY,17,278.6979001822527,0.0085,0.47362001037597656
2025-11-25 11:22:00-05:00,SELL,17,278.2709920920465,0.0085,0.4732269683837891
2025-11-25 11:22:00-05:00,BUY,17,278.4666177712347,0.0085,0.4732269683837891
2025-11-25 11:23:00-05:00,SELL,17,278.2976855900851,0.0085,0.47327236328125
2025-11-25 11:23:00-05:00,BUY,17,278.4933300349149,0.0085,0.47327236328125
2025-11-25 11:24:00-05:00,SELL,17,278.1722108958762,0.0085,0.4730589813232422
2025-11-25 11:24:00-05:00,BUY,17,278.36776713146753,0.0085,0.4730589813232422
2025-11-25 11:25:00-05:00,SELL,17,277.9922814656685,0.0085,0.4727529937744141
2025-11-25 11:25:00-05:00,BUY,17,278.18771121011275,0.0085,0.4727529937744141
2025-11-25 11:26:00-05:00,SELL,17,277.9114077933252,0.0085,0.47261546020507816
2025-11-25 11:26:00-05:00,BUY,17,278.1067806832373,0.0085,0.47261546020507816
2025-11-25 11:27:00-05:00,SELL,17,277.90231675056464,0.0085,0.4726
2025-11-25 11:27:00-05:00,BUY,17,278.09768324943536,0.0085,0.4726
2025-11-25 11:28:00-05:00,SELL,17,277.7405694058781,0.0085,0.47232493286132815
2025-11-25 11:28:00-05:00,BUY,17,277.9358221956844,0.0085,0.47232493286132815
2025-11-25 11:29:00-05:00,SELL,17,277.73236306190967,0.0085,0.4723109771728516
2025-11-25 11:29:00-05:00,BUY,17,277.9276100826216,0.0085,0.4723109771728516
2025-11-25 11:30:00-05:00,SELL,17,277.7123810719493,0.0085,0.47227699584960936
2025-11-25 11:30:00-05:00,BUY,17,277.9076140452382,0.0085,0.47227699584960936
2025-11-25 11:31:00-05:00,SELL,17,277.7523755587249,0.0085,0.4723450103759766
2025-11-25 11:31:00-05:00,BUY,17,277.94763664830634,0.0085,0.4723450103759766
2025-11-25 11:32:00-05:00,SELL,17,277.75457205227775,0.0085,0.4723487457275391
2025-11-25 11:32:00-05:00,BUY,17,277.9498346860035,0.0085,0.4723487457275391
2025-11-25 11:33:00-05:00,SELL,17,277.73718314498404,0.0085,0.472319174194336
2025-11-25 11:33:00-05:00,BUY,17,277.9324335542347,0.0085,0.472319174194336
2025-11-25 11:34:00-05:00,SELL,17,277.7123810719493,0.0085,0.47227699584960936
2025-11-25 11:34:00-05:00,BUY,17,277.9076140452382,0.0085,0.47227699584960936
2025-11-25 11:35:00-05:00,SELL,17,277.73236306190967,0.0085,0.4723109771728516
2025-11-25 11:35:00-05:00,BUY,17,277.9276100826216,0.0085,0.4723109771728516
2025-11-25 11:36:00-05:00,SELL,18,277.63242260525305,0.009000000000000001,0.49991401977539063
2025-11-25 11:36:00-05:00,BUY,18,277.8275993674032,0.009000000000000001,0.49991401977539063
2025-11-25 11:37:00-05:00,SELL,17,277.7029849606397,0.0085,0.47226101684570315
2025-11-25 11:37:00-05:00,BUY,17,277.8982113284228,0.0085,0.47226101684570315
2025-11-25 11:38:00-05:00,SELL,18,277.6024343668851,0.009000000000000001,0.4998600219726562
2025-11-25 11:38:00-05:00,BUY,18,277.7975900471774,0.009000000000000001,0.4998600219726562
2025-11-25 11:39:00-05:00,SELL,18,277.60502744955176,0.009000000000000001,0.4998646911621094
2025-11-25 11:39:00-05:00,BUY,18,277.800184952792,0.009000000000000001,0.4998646911621094
2025-11-25 11:40:00-05:00,SELL,17,277.8023457870532,0.0085,0.47242998962402344
2025-11-25 11:40:00-05:00,BUY,17,277.99764200591557,0.0085,0.47242998962402344
2025-11-25 11:41:00-05:00,SELL,18,277.6524045952134,0.009000000000000001,0.49995
2025-11-25 11:41:00-05:00,BUY,18,277.8475954047866,0.009000000000000001,0.49995
2025-11-25 11:42:00-05:00,SELL,17,277.7023748235417,0.0085,0.4722599792480469
2025-11-25 11:42:00-05:00,BUY,17,277.8976007623958,0.0085,0.4722599792480469
2025-11-25 11:43:00-05:00,SELL,17,277.74236931031726,0.0085,0.4723279937744141
2025-11-25 11:43:00-05:00,BUY,17,277.937623365464,0.0085,0.4723279937744141
2025-11-25 11:44:00-05:00,SELL,17,277.7722660281205,0.0085,0.4723788360595704
2025-11-25 11:44:00-05:00,BUY,17,277.96754110078575,0.0085,0.4723788360595704
2025-11-25 11:45:00-05:00,SELL,18,277.50246340337367,0.009000000000000001,0.49968001098632814
2025-11-25 11:45:00-05:00,BUY,18,277.6975488036576,0.009000000000000001,0.49968001098632814
2025-11-25 11:46:00-05:00,SELL,18,277.5324516417416,0.009000000000000001,0.49973400878906254
2025-11-25 11:46:00-05:00,BUY,18,277.7275581238834,0.009000000000000001,0.49973400878906254
2025-11-25 11:47:00-05:00,SELL,18,277.61241010843787,0.009000000000000001,0.4998779846191407
2025-11-25 11:47:00-05:00,BUY,18,277.8075728017184,0.009000000000000001,0.4998779846191407
2025-11-25 11:48:00-05:00,SELL,17,277.7147911134865,0.0085,0.4722810943603516
2025-11-25 11:48:00-05:00,BUY,17,277.91002578104474,0.0085,0.4722810943603516
2025-11-25 11:49:00-05:00,SELL,17,278.0022877140761,0.0085,0.47277001037597655
2025-11-25 11:49:00-05:00,BUY,17,278.19772449295516,0.0085,0.47277001037597655
2025-11-25 11:50:00-05:00,SELL,17,278.1672382785273,0.0085,0.4730505249023438
2025-11-25 11:50:00-05:00,BUY,17,278.3627910183477,0.0085,0.4730505249023438
2025-11-25 11:51:00-05:00,SELL,17,278.2201981786359,0.0085,0.47314058837890627
2025-11-25 11:51:00-05:00,BUY,17,278.4157881494891,0.0085,0.47314058837890627
2025-11-25 11:52:00-05:00,SELL,17,278.387955373738,0.0085,0.47342587585449225
2025-11-25 11:52:00-05:00,BUY,17,278.58366327860574,0.0085,0.47342587585449225
2025-11-25 11:53:00-05:00,SELL,17,278.39213481285947,0.0085,0.47343298339843753
2025-11-25 11:53:00-05:00,BUY,17,278.58784565589053,0.0085,0.47343298339843753
2025-11-25 11:54:00-05:00,SELL,17,278.36214657449153,0.0085,0.47338198547363286
2025-11-25 11:54:00-05:00,BUY,17,278.5578363356647,0.0085,0.47338198547363286
2025-11-25 11:55:00-05:00,SELL,17,278.36214657449153,0.0085,0.47338198547363286
2025-11-25 11:55:00-05:00,BUY,17,278.5578363356647,0.0085,0.47338198547363286
2025-11-25 11:56:00-05:00,SELL,17,278.4371324238389,0.0085,0.47350950622558596
2025-11-25 11:56:00-05:00,BUY,17,278.6328749003799,0.0085,0.47350950622558596
2025-11-25 11:57:00-05:00,BUY,17,278.6078722215753,0.0085,0.47346701660156254
2025-11-25 11:57:00-05:00,SELL,17,278.4121473096747,0.0085,0.47346701660156254
2025-11-25 11:58:00-05:00,BUY,17,278.7779148600877,0.0085,0.47375598754882814
2025-11-25 11:58:00-05:00,SELL,17,278.5820704914748,0.0085,0.47375598754882814
2025-11-25 11:59:00-05:00,BUY,17,278.75791882270426,0.0085,0.47372200622558597
2025-11-25 11:59:00-05:00,SELL,17,278.5620885015145,0.0085,0.47372200622558597
2025-11-25 12:00:00-05:00,BUY,17,278.66789086202687,0.0085,0.4735690124511719
2025-11-25 12:00:00-05:00,SELL,17,278.47212378641063,0.0085,0.4735690124511719
2025-11-25 12:01:00-05:00,BUY,17,278.5178442608979,0.0085,0.47331402282714846
2025-11-25 12:01:00-05:00,SELL,17,278.32218259457085,0.0085,0.47331402282714846
2025-11-25 12:02:00-05:00,BUY,17,278.6778736165679,0.0085,0.47358597717285156
2025-11-25 12:02:00-05:00,SELL,17,278.4820995279633,0.0085,0.47358597717285156
2025-11-25 12:03:00-05:00,BUY,17,278.63015788155985,0.0085,0.47350488891601566
2025-11-25 12:03:00-05:00,SELL,17,278.43441731375265,0.0085,0.47350488891601566
2025-11-25 12:04:00-05:00,BUY,17,278.61785497611635,0.0085,0.4734839813232422
2025-11-25 12:04:00-05:00,SELL,17,278.4221230512274,0.0085,0.4734839813232422
2025-11-25 12:05:00-05:00,BUY,17,278.8379335005393,0.0085,0.47385798339843754
2025-11-25 12:05:00-05:00,SELL,17,278.6420469682107,0.0085,0.47385798339843754
2025-11-25 12:06:00-05:00,BUY,17,278.7979414257725,0.0085,0.4737900207519532
2025-11-25 12:06:00-05:00,SELL,17,278.60208298829,0.0085,0.4737900207519532
2025-11-25 12:07:00-05:00,BUY,17,278.8179374631559,0.0085,0.4738240020751953
2025-11-25 12:07:00-05:00,SELL,17,278.62206497825036,0.0085,0.4738240020751953
2025-11-25 12:08:00-05:00,BUY,17,278.8379335005393,0.0085,0.47385798339843754
2025-11-25 12:08:00-05:00,SELL,17,278.6420469682107,0.0085,0.47385798339843754
2025-11-25 12:09:00-05:00,BUY,17,278.8379335005393,0.0085,0.47385798339843754
2025-11-25 12:09:00-05:00,SELL,17,278.6420469682107,0.0085,0.47385798339843754
2025-11-25 12:10:00-05:00,BUY,17,278.84294014196047,0.0085,0.4738664916992188
2025-11-25 12:10:00-05:00,SELL,17,278.64705009241453,0.0085,0.4738664916992188
2025-11-25 12:11:00-05:00,BUY,17,278.87444534895235,0.0085,0.4739200317382813
2025-11-25 12:11:00-05:00,SELL,17,278.67853316667265,0.0085,0.4739200317382813
2025-11-25 12:12:00-05:00,BUY,17,279.04802927042124,0.0085,0.4742150207519531
2025-11-25 12:12:00-05:00,SELL,17,278.85199514364126,0.0085,0.4742150207519531
2025-11-25 12:13:00-05:00,BUY,17,278.9579707814425,0.0085,0.4740619750976563
2025-11-25 12:13:00-05:00,SELL,17,278.7619999216825,0.0085,0.4740619750976563
2025-11-25 12:14:00-05:00,BUY,17,279.0280027047365,0.0085,0.4741809875488282
2025-11-25 12:14:00-05:00,SELL,17,278.831982646826,0.0085,0.4741809875488282
2025-11-25 12:15:00-05:00,BUY,17,278.96798406428485,0.0085,0.47407899169921874
2025-11-25 12:15:00-05:00,SELL,17,278.77200617009015,0.0085,0.47407899169921874
2025-11-25 12:16:00-05:00,BUY,17,278.9279614612167,0.0085,0.47401097717285157
2025-11-25 12:16:00-05:00,SELL,17,278.73201168331457,0.0085,0.47401097717285157
2025-11-25 12:17:00-05:00,BUY,17,278.9579707814425,0.0085,0.4740619750976563
2025-11-25 12:17:00-05:00,SELL,17,278.7619999216825,0.0085,0.4740619750976563
2025-11-25 12:18:00-05:00,BUY,17,278.91297206525445,0.0085,0.47398550415039065
2025-11-25 12:18:00-05:00,SELL,17,278.71703281755805,0.0085,0.47398550415039065
2025-11-25 12:19:00-05:00,BUY,17,279.0280027047365,0.0085,0.4741809875488282
2025-11-25 12:19:00-05:00,SELL,17,278.831982646826,0.0085,0.4741809875488282
2025-11-25 12:20:00-05:00,BUY,17,279.07803859064705,0.0085,0.47426601867675783
2025-11-25 12:20:00-05:00,SELL,17,278.8819833820092,0.0085,0.47426601867675783
2025-11-25 12:21:00-05:00,BUY,17,279.0180199501954,0.0085,0.4741640228271484
2025-11-25 12:21:00-05:00,SELL,17,278.8220069052733,0.0085,0.4741640228271484
2025-11-25 12:22:00-05:00,BUY,17,279.10502560903933,0.0085,0.4743118804931641
2025-11-25 12:22:00-05:00,SELL,17,278.9089514417419,0.0085,0.4743118804931641
2025-11-25 12:23:00-05:00,BUY,17,279.13305058967745,0.0085,0.4743595062255859
2025-11-25 12:23:00-05:00,SELL,17,278.9369567345413,0.0085,0.4743595062255859
2025-11-25 12:24:00-05:00,BUY,17,279.21807190893367,0.0085,0.47450399169921875
2025-11-25 12:24:00-05:00,SELL,17,279.02191832544133,0.0085,0.47450399169921875
2025-11-25 12:25:00-05:00,BUY,17,279.32821802019987,0.0085,0.4746911743164063
2025-11-25 12:25:00-05:00,SELL,17,279.13198705792513,0.0085,0.4746911743164063
2025-11-25 12:26:00-05:00,BUY,17,279.34311583125805,0.0085,0.4747164916992188
2025-11-25 12:26:00-05:00,SELL,17,279.14687440311695,0.0085,0.4747164916992188
2025-11-25 12:27:00-05:00,BUY,17,279.30809986961106,0.0085,0.47465698547363283
2025-11-25 12:27:00-05:00,SELL,17,279.1118830405452,0.0085,0.47465698547363283
2025-11-25 12:28:00-05:00,BUY,17,279.27809054938524,0.0085,0.4746059875488281
2025-11-25 12:28:00-05:00,SELL,17,279.08189480217726,0.0085,0.4746059875488281
2025-11-25 12:29:00-05:00,BUY,17,279.1681581362285,0.0085,0.4744191680908203
2025-11-25 12:29:00-05:00,SELL,17,278.97203961767775,0.0085,0.4744191680908203
2025-11-25 12:30:00-05:00,BUY,17,279.1480399856397,0.0085,0.4743849792480469
2025-11-25 12:30:00-05:00,SELL,17,278.9519356002978,0.0085,0.4743849792480469
2025-11-25 12:31:00-05:00,BUY,17,279.29811711507,0.0085,0.47464002075195316
2025-11-25 12:31:00-05:00,SELL,17,279.1019072989925,0.0085,0.47464002075195316
2025-11-25 12:32:00-05:00,BUY,17,279.39812783028844,0.0085,0.4748099792480469
2025-11-25 12:32:00-05:00,SELL,17,279.20184775564906,0.0085,0.4748099792480469
2025-11-25 12:33:00-05:00,BUY,17,279.37813179290504,0.0085,0.47477599792480474
2025-11-25 12:33:00-05:00,SELL,17,279.1818657656887,0.0085,0.47477599792480474
2025-11-25 12:34:00-05:00,BUY,17,279.2380984746184,0.0085,0.47453802490234376
2025-11-25 12:34:00-05:00,SELL,17,279.0419308222566,0.0085,0.47453802490234376
2025-11-25 12:35:00-05:00,BUY,17,279.18806258870785,0.0085,0.4744529937744141
2025-11-25 12:35:00-05:00,SELL,17,278.9919300870734,0.0085,0.4744529937744141
2025-11-25 12:36:00-05:00,BUY,17,279.0938217224443,0.0085,0.47429284057617194
2025-11-25 12:36:00-05:00,SELL,17,278.8977554259932,0.0085,0.47429284057617194
2025-11-25 12:37:00-05:00,BUY,17,279.3281264352958,0.0085,0.47469101867675784
2025-11-25 12:37:00-05:00,SELL,17,279.13189553736044,0.0085,0.47469101867675784
2025-11-25 12:38:00-05:00,BUY,17,279.25809451200183,0.0085,0.474572006225586
2025-11-25 12:38:00-05:00,SELL,17,279.0619128122169,0.0085,0.474572006225586
2025-11-25 12:39:00-05:00,BUY,17,279.29811711507,0.0085,0.47464002075195316
2025-11-25 12:39:00-05:00,SELL,17,279.1019072989925,0.0085,0.47464002075195316
2025-11-25 12:40:00-05:00,BUY,17,279.2480812291594,0.0085,0.4745549896240234
2025-11-25 12:40:00-05:00,SELL,17,279.0519065638093,0.0085,0.4745549896240234
2025-11-25 12:41:00-05:00,BUY,17,279.1980758715502,0.0085,0.4744700103759766
2025-11-25 12:41:00-05:00,SELL,17,279.00193633548105,0.0085,0.4744700103759766
2025-11-25 12:42:00-05:00,BUY,17,279.15805326848204,0.0085,0.4744019958496094
2025-11-25 12:42:00-05:00,SELL,17,278.96194184870546,0.0085,0.4744019958496094
2025-11-25 12:43:00-05:00,BUY,17,279.08802134518805,0.0085,0.47428298339843755
2025-11-25 12:43:00-05:00,SELL,17,278.89195912356195,0.0085,0.47428298339843755
2025-11-25 12:44:00-05:00,BUY,17,279.1581448533861,0.0085,0.47440215148925785
2025-11-25 12:44:00-05:00,SELL,17,278.96203336927016,0.0085,0.47440215148925785
2025-11-25 12:45:00-05:00,BUY,17,279.25809451200183,0.0085,0.474572006225586
2025-11-25 12:45:00-05:00,SELL,17,279.0619128122169,0.0085,0.474572006225586
2025-11-25 12:46:00-05:00,BUY,17,279.11803066541387,0.0085,0.4743339813232422
2025-11-25 12:46:00-05:00,SELL,17,278.9219473619299,0.0085,0.4743339813232422
2025-11-25 12:47:00-05:00,BUY,17,279.11464202396417,0.0085,0.47432822265625
2025-11-25 12:47:00-05:00,SELL,17,278.91856110103583,0.0085,0.47432822265625
2025-11-25 12:48:00-05:00,BUY,17,279.08802134518805,0.0085,0.47428298339843755
2025-11-25 12:48:00-05:00,SELL,17,278.89195912356195,0.0085,0.47428298339843755
2025-11-25 12:49:00-05:00,BUY,17,279.04802927042124,0.0085,0.4742150207519531
2025-11-25 12:49:00-05:00,SELL,17,278.85199514364126,0.0085,0.4742150207519531
2025-11-25 12:50:00-05:00,BUY,17,279.0180199501954,0.0085,0.4741640228271484
2025-11-25 12:50:00-05:00,SELL,17,278.8220069052733,0.0085,0.4741640228271484
2025-11-25 12:51:00-05:00,BUY,17,279.0180199501954,0.0085,0.4741640228271484
2025-11-25 12:51:00-05:00,SELL,17,278.8220069052733,0.0085,0.4741640228271484
2025-11-25 12:52:00-05:00,BUY,17,279.00300002593184,0.0085,0.4741384979248047
2025-11-25 12:52:00-05:00,SELL,17,278.8069975326619,0.0085,0.4741384979248047
2025-11-25 12:53:00-05:00,BUY,17,278.97799734712726,0.0085,0.4740960083007813
2025-11-25 12:53:00-05:00,SELL,17,278.78201241849774,0.0085,0.4740960083007813
2025-11-25 12:54:00-05:00,BUY,17,278.9529946683227,0.0085,0.4740535186767578
2025-11-25 12:54:00-05:00,SELL,17,278.7570273043336,0.0085,0.4740535186767578
2025-11-25 12:55:00-05:00,BUY,17,278.9529946683227,0.0085,0.4740535186767578
2025-11-25 12:55:00-05:00,SELL,17,278.7570273043336,0.0085,0.4740535186767578
2025-11-25 12:56:00-05:00,SELL,17,278.59207673988243,0.0085,0.47377300415039064
2025-11-25 12:56:00-05:00,BUY,17,278.78792814293007,0.0085,0.47377300415039064
2025-11-25 12:57:00-05:00,SELL,17,278.60208298829,0.0085,0.4737900207519532
2025-11-25 12:57:00-05:00,BUY,17,278.7979414257725,0.0085,0.4737900207519532
2025-11-25 12:58:00-05:00,SELL,17,278.51208776633126,0.0085,0.47363697509765623
2025-11-25 12:58:00-05:00,BUY,17,278.70788293679374,0.0085,0.47363697509765623
2025-11-25 12:59:00-05:00,SELL,17,278.43212929963505,0.0085,0.4735009979248047
2025-11-25 12:59:00-05:00,BUY,17,278.6278682589587,0.0085,0.4735009979248047
2025-11-25 13:00:00-05:00,SELL,17,278.3821590713068,0.0085,0.47341601867675787
2025-11-25 13:00:00-05:00,BUY,17,278.5778629013495,0.0085,0.47341601867675787
2025-11-25 13:01:00-05:00,SELL,17,278.55208225310685,0.0085,0.47370498962402346
2025-11-25 13:01:00-05:00,BUY,17,278.7479055398619,0.0085,0.47370498962402346
2025-11-25 13:02:00-05:00,SELL,17,278.50211202477857,0.0085,0.47362001037597656
2025-11-25 13:02:00-05:00,BUY,17,278.6979001822527,0.0085,0.47362001037597656
2025-11-25 13:03:00-05:00,SELL,17,278.36214657449153,0.0085,0.47338198547363286
2025-11-25 13:03:00-05:00,BUY,17,278.5578363356647,0.0085,0.47338198547363286
2025-11-25 13:04:00-05:00,SELL,17,278.28218810779526,0.0085,0.47324600830078123
2025-11-25 13:04:00-05:00,BUY,17,278.47782165782974,0.0085,0.47324600830078123
2025-11-25 13:05:00-05:00,SELL,17,278.2222116310594,0.0085,0.4731440124511719
2025-11-25 13:05:00-05:00,BUY,17,278.4178030173781,0.0085,0.4731440124511719
2025-11-25 13:06:00-05:00,SELL,17,278.1972265168952,0.0085,0.47310152282714846
2025-11-25 13:06:00-05:00,BUY,17,278.3928003385735,0.0085,0.47310152282714846
2025-11-25 13:07:00-05:00,SELL,17,278.3521708329388,0.0085,0.47336502075195314
2025-11-25 13:07:00-05:00,BUY,17,278.5478535811237,0.0085,0.47336502075195314
2025-11-25 13:08:00-05:00,SELL,17,278.28218810779526,0.0085,0.47324600830078123
2025-11-25 13:08:00-05:00,BUY,17,278.47782165782974,0.0085,0.47324600830078123
2025-11-25 13:09:00-05:00,SELL,17,278.492105776371,0.0085,0.4736029937744141
2025-11-25 13:09:00-05:00,BUY,17,278.6878868994103,0.0085,0.4736029937744141
2025-11-25 13:10:00-05:00,SELL,17,278.51208776633126,0.0085,0.47363697509765623
2025-11-25 13:10:00-05:00,BUY,17,278.70788293679374,0.0085,0.47363697509765623
2025-11-25 13:11:00-05:00,SELL,17,278.5551939523068,0.0085,0.47371028137207033
2025-11-25 13:11:00-05:00,BUY,17,278.75101942659944,0.0085,0.47371028137207033
2025-11-25 13:12:00-05:00,SELL,17,278.6120587298428,0.0085,0.47380698547363287
2025-11-25 13:12:00-05:00,BUY,17,278.8079241803135,0.0085,0.47380698547363287
2025-11-25 13:13:00-05:00,SELL,17,278.5870736156786,0.0085,0.4737644958496094
2025-11-25 13:13:00-05:00,BUY,17,278.7829215015089,0.0085,0.4737644958496094
2025-11-25 13:14:00-05:00,SELL,17,278.547079128903,0.0085,0.47369648132324216
2025-11-25 13:14:00-05:00,BUY,17,278.7428988984407,0.0085,0.47369648132324216
2025-11-25 13:15:00-05:00,SELL,17,278.62206497825036,0.0085,0.4738240020751953
2025-11-25 13:15:00-05:00,BUY,17,278.8179374631559,0.0085,0.4738240020751953
2025-11-25 13:16:00-05:00,SELL,17,278.5220940147389,0.0085,0.4736539916992188
2025-11-25 13:16:00-05:00,BUY,17,278.7178962196361,0.0085,0.4736539916992188
2025-11-25 13:17:00-05:00,SELL,17,278.4106524737845,0.0085,0.4734644744873047
2025-11-25 13:17:00-05:00,BUY,17,278.6063763348092,0.0085,0.4734644744873047
2025-11-25 13:18:00-05:00,SELL,17,278.4021410612671,0.0085,0.47345
2025-11-25 13:18:00-05:00,BUY,17,278.5978589387329,0.0085,0.47345
2025-11-25 13:19:00-05:00,SELL,17,278.50211202477857,0.0085,0.47362001037597656
2025-11-25 13:19:00-05:00,BUY,17,278.6979001822527,0.0085,0.47362001037597656
2025-11-25 13:20:00-05:00,SELL,17,278.4521112895954,0.0085,0.4735349792480469
2025-11-25 13:20:00-05:00,BUY,17,278.6478642963421,0.0085,0.4735349792480469
2025-11-25 13:21:00-05:00,SELL,17,278.4820995279633,0.0085,0.47358597717285156
2025-11-25 13:21:00-05:00,BUY,17,278.6778736165679,0.0085,0.47358597717285156
2025-11-25 13:22:00-05:00,SELL,17,278.5720947499221,0.0085,0.47373902282714847
2025-11-25 13:22:00-05:00,BUY,17,278.76793210554666,0.0085,0.47373902282714847
2025-11-25 13:23:00-05:00,SELL,17,278.5621800220792,0.0085,0.4737221618652344
2025-11-25 13:23:00-05:00,BUY,17,278.7580104076083,0.0085,0.4737221618652344
2025-11-25 13:24:00-05:00,SELL,17,278.60208298829,0.0085,0.4737900207519532
2025-11-25 13:24:00-05:00,BUY,17,278.7979414257725,0.0085,0.4737900207519532
2025-11-25 13:25:00-05:00,SELL,17,278.547079128903,0.0085,0.47369648132324216
2025-11-25 13:25:00-05:00,BUY,17,278.7428988984407,0.0085,0.47369648132324216
2025-11-25 13:26:00-05:00,SELL,17,278.55208225310685,0.0085,0.47370498962402346
2025-11-25 13:26:00-05:00,BUY,17,278.7479055398619,0.0085,0.47370498962402346
2025-11-25 13:27:00-05:00,SELL,17,278.4771269106144,0.0085,0.47357752075195314
2025-11-25 13:27:00-05:00,BUY,17,278.6728975034481,0.0085,0.47357752075195314
2025-11-25 13:28:00-05:00,SELL,17,278.5922597810118,0.0085,0.4737733154296875
2025-11-25 13:28:00-05:00,BUY,17,278.7881113127382,0.0085,0.4737733154296875
2025-11-25 13:29:00-05:00,SELL,17,278.66205946502595,0.0085,0.47389201660156255
2025-11-25 13:29:00-05:00,BUY,17,278.85796006622405,0.0085,0.47389201660156255
2025-11-25 13:30:00-05:00,SELL,17,278.66715410979447,0.0085,0.47390068054199225
2025-11-25 13:30:00-05:00,BUY,17,278.8630582925493,0.0085,0.47390068054199225
2025-11-25 13:31:00-05:00,SELL,17,278.60208298829,0.0085,0.4737900207519532
2025-11-25 13:31:00-05:00,BUY,17,278.7979414257725,0.0085,0.4737900207519532
2025-11-25 13:32:00-05:00,SELL,17,278.492105776371,0.0085,0.4736029937744141
2025-11-25 13:32:00-05:00,BUY,17,278.6878868994103,0.0085,0.4736029937744141
2025-11-25 13:33:00-05:00,SELL,17,278.4771269106144,0.0085,0.47357752075195314
2025-11-25 13:33:00-05:00,BUY,17,278.6728975034481,0.0085,0.47357752075195314
2025-11-25 13:34:00-05:00,SELL,17,278.5170908905351,0.0085,0.4736454833984375
2025-11-25 13:34:00-05:00,BUY,17,278.7128895782149,0.0085,0.4736454833984375
2025-11-25 13:35:00-05:00,SELL,17,278.5321002631465,0.0085,0.4736710083007813
2025-11-25 13:35:00-05:00,BUY,17,278.7279095024785,0.0085,0.4736710083007813
2025-11-25 13:36:00-05:00,SELL,17,278.6330474460148,0.0085,0.47384267883300785
2025-11-25 13:36:00-05:00,BUY,17,278.82892765164144,0.0085,0.47384267883300785
2025-11-25 13:37:00-05:00,SELL,17,278.47212378641063,0.0085,0.4735690124511719
2025-11-25 13:37:00-05:00,BUY,17,278.66789086202687,0.0085,0.4735690124511719
2025-11-25 13:38:00-05:00,SELL,17,278.4671206622068,0.0085,0.47356050415039064
2025-11-25 13:38:00-05:00,BUY,17,278.6628842206057,0.0085,0.47356050415039064
2025-11-25 13:39:00-05:00,SELL,17,278.5321002631465,0.0085,0.4736710083007813
2025-11-25 13:39:00-05:00,BUY,17,278.7279095024785,0.0085,0.4736710083007813
2025-11-25 13:40:00-05:00,SELL,17,278.4908244884651,0.0085,0.4736008148193359
2025-11-25 13:40:00-05:00,BUY,17,278.68660471075367,0.0085,0.4736008148193359
2025-11-25 13:41:00-05:00,SELL,17,278.5620885015145,0.0085,0.47372200622558597
2025-11-25 13:41:00-05:00,BUY,17,278.75791882270426,0.0085,0.47372200622558597
2025-11-25 13:42:00-05:00,SELL,17,278.50211202477857,0.0085,0.47362001037597656
2025-11-25 13:42:00-05:00,BUY,17,278.6979001822527,0.0085,0.47362001037597656
2025-11-25 13:43:00-05:00,SELL,17,278.55708537731067,0.0085,0.4737134979248047
2025-11-25 13:43:00-05:00,BUY,17,278.7529121812831,0.0085,0.4737134979248047
2025-11-25 13:44:00-05:00,SELL,17,278.5411913059071,0.0085,0.4736864685058594
2025-11-25 13:44:00-05:00,BUY,17,278.7370069362804,0.0085,0.4736864685058594
2025-11-25 13:45:00-05:00,SELL,17,278.52709713894274,0.0085,0.47366250000000004
2025-11-25 13:45:00-05:00,BUY,17,278.72290286105726,0.0085,0.47366250000000004
2025-11-25 13:46:00-05:00,SELL,17,278.47212378641063,0.0085,0.4735690124511719
2025-11-25 13:46:00-05:00,BUY,17,278.66789086202687,0.0085,0.4735690124511719
2025-11-25 13:47:00-05:00,SELL,17,278.51208776633126,0.0085,0.47363697509765623
2025-11-25 13:47:00-05:00,BUY,17,278.70788293679374,0.0085,0.47363697509765623
2025-11-25 13:48:00-05:00,SELL,17,278.54210651155415,0.0085,0.47368802490234374
2025-11-25 13:48:00-05:00,BUY,17,278.73792278532085,0.0085,0.47368802490234374
2025-11-25 13:49:00-05:00,SELL,17,278.5321002631465,0.0085,0.4736710083007813
2025-11-25 13:49:00-05:00,BUY,17,278.7279095024785,0.0085,0.4736710083007813
2025-11-25 13:50:00-05:00,BUY,17,278.7479055398619,0.0085,0.47370498962402346
2025-11-25 13:50:00-05:00,SELL,17,278.55208225310685,0.0085,0.47370498962402346
2025-11-25 13:51:00-05:00,BUY,17,278.70788293679374,0.0085,0.47363697509765623
2025-11-25 13:51:00-05:00,SELL,17,278.51208776633126,0.0085,0.47363697509765623
2025-11-25 13:52:00-05:00,BUY,17,278.6478642963421,0.0085,0.4735349792480469
2025-11-25 13:52:00-05:00,SELL,17,278.4521112895954,0.0085,0.4735349792480469
2025-11-25 13:53:00-05:00,SELL,17,278.4221230512274,0.0085,0.4734839813232422
2025-11-25 13:53:00-05:00,BUY,17,278.61785497611635,0.0085,0.4734839813232422
2025-11-25 13:54:00-05:00,SELL,17,278.32218259457085,0.0085,0.47331402282714846
2025-11-25 13:54:00-05:00,BUY,17,278.5178442608979,0.0085,0.47331402282714846
2025-11-25 13:55:00-05:00,SELL,17,278.2921943562029,0.0085,0.4732630249023438
2025-11-25 13:55:00-05:00,BUY,17,278.4878349406721,0.0085,0.4732630249023438
2025-11-25 13:56:00-05:00,SELL,17,278.26019266541147,0.0085,0.47320860290527345
2025-11-25 13:56:00-05:00,BUY,17,278.4558107525573,0.0085,0.47320860290527345
2025-11-25 13:57:00-05:00,SELL,17,278.21220538265175,0.0085,0.47312699584960943
2025-11-25 13:57:00-05:00,BUY,17,278.40778973453575,0.0085,0.47312699584960943
2025-11-25 13:58:00-05:00,SELL,17,278.2621756109801,0.0085,0.4732119750976562
2025-11-25 13:58:00-05:00,BUY,17,278.4577950921449,0.0085,0.4732119750976562
2025-11-25 13:59:00-05:00,SELL,17,278.20219913424415,0.0085,0.4731099792480469
2025-11-25 13:59:00-05:00,BUY,17,278.39777645169335,0.0085,0.4731099792480469
2025-11-25 14:00:00-05:00,SELL,17,278.06726731501584,0.0085,0.4728805145263672
2025-11-25 14:00:00-05:00,BUY,17,278.2627497748279,0.0085,0.4728805145263672
2025-11-25 14:01:00-05:00,SELL,17,278.08245972875665,0.0085,0.47290635070800785
2025-11-25 14:01:00-05:00,BUY,17,278.2779528688996,0.0085,0.47290635070800785
2025-11-25 14:02:00-05:00,SELL,17,278.1122344191403,0.0085,0.47295698547363285
2025-11-25 14:02:00-05:00,BUY,17,278.30774849101596,0.0085,0.47295698547363285
2025-11-25 14:03:00-05:00,SELL,17,277.9323049889326,0.0085,0.4726509979248047
2025-11-25 14:03:00-05:00,BUY,17,278.1276925696612,0.0085,0.4726509979248047
2025-11-25 14:04:00-05:00,SELL,17,277.8123520354608,0.0085,0.472447006225586
2025-11-25 14:04:00-05:00,BUY,17,278.007655288758,0.0085,0.472447006225586
2025-11-25 14:05:00-05:00,SELL,17,277.79237004550043,0.0085,0.47241302490234377
2025-11-25 14:05:00-05:00,BUY,17,277.98765925137457,0.0085,0.47241302490234377
2025-11-25 14:06:00-05:00,SELL,17,277.8323340254211,0.0085,0.4724809875488281
2025-11-25 14:06:00-05:00,BUY,17,278.0276513261414,0.0085,0.4724809875488281
2025-11-25 14:07:00-05:00,SELL,17,277.8823347606043,0.0085,0.47256601867675785
2025-11-25 14:07:00-05:00,BUY,17,278.07768721205196,0.0085,0.47256601867675785
2025-11-25 14:08:00-05:00,SELL,17,277.87733163640047,0.0085,0.4725575103759766
2025-11-25 14:08:00-05:00,BUY,17,278.0726805706308,0.0085,0.4725575103759766
2025-11-25 14:09:00-05:00,SELL,17,277.9123229989723,0.0085,0.4726170166015625
2025-11-25 14:09:00-05:00,BUY,17,278.1076965322777,0.0085,0.4726170166015625
2025-11-25 14:10:00-05:00,SELL,17,277.96927929707294,0.0085,0.4727138763427735
2025-11-25 14:10:00-05:00,BUY,17,278.1646928708958,0.0085,0.4727138763427735
2025-11-25 14:11:00-05:00,SELL,17,277.97229947570816,0.0085,0.47271901245117187
2025-11-25 14:11:00-05:00,BUY,17,278.16771517272934,0.0085,0.47271901245117187
2025-11-25 14:12:00-05:00,SELL,17,278.06726731501584,0.0085,0.4728805145263672
2025-11-25 14:12:00-05:00,BUY,17,278.2627497748279,0.0085,0.4728805145263672
2025-11-25 14:13:00-05:00,SELL,17,278.21220538265175,0.0085,0.47312699584960943
2025-11-25 14:13:00-05:00,BUY,17,278.40778973453575,0.0085,0.47312699584960943
2025-11-25 14:14:00-05:00,SELL,17,278.24219362101974,0.0085,0.4731779937744141
2025-11-25 14:14:00-05:00,BUY,17,278.4377990547615,0.0085,0.4731779937744141
2025-11-25 14:15:00-05:00,SELL,17,278.12224066754794,0.0085,0.47297400207519535
2025-11-25 14:15:00-05:00,BUY,17,278.3177617738583,0.0085,0.47297400207519535
2025-11-25 14:16:00-05:00,SELL,17,277.963086405528,0.0085,0.47270334472656256
2025-11-25 14:16:00-05:00,BUY,17,278.158495625722,0.0085,0.47270334472656256
2025-11-25 14:17:00-05:00,SELL,17,277.98227521726085,0.0085,0.4727359771728516
2025-11-25 14:17:00-05:00,BUY,17,278.1776979272704,0.0085,0.4727359771728516
2025-11-25 14:18:00-05:00,SELL,17,277.8823347606043,0.0085,0.47256601867675785
2025-11-25 14:18:00-05:00,BUY,17,278.07768721205196,0.0085,0.47256601867675785
2025-11-25 14:19:00-05:00,SELL,17,277.8223582838684,0.0085,0.47246402282714844
2025-11-25 14:19:00-05:00,BUY,17,278.0176685716003,0.0085,0.47246402282714844
2025-11-25 14:20:00-05:00,SELL,17,277.8223582838684,0.0085,0.47246402282714844
2025-11-25 14:20:00-05:00,BUY,17,278.0176685716003,0.0085,0.47246402282714844
2025-11-25 14:21:00-05:00,SELL,17,277.84243179439346,0.0085,0.47249815979003906
2025-11-25 14:21:00-05:00,BUY,17,278.0377561938878,0.0085,0.47249815979003906
2025-11-25 14:22:00-05:00,SELL,17,277.86232226378905,0.0085,0.4725319854736328
2025-11-25 14:22:00-05:00,BUY,17,278.0576606463672,0.0085,0.4725319854736328
2025-11-25 14:23:00-05:00,SELL,17,277.9522869788929,0.0085,0.4726849792480469
2025-11-25 14:23:00-05:00,BUY,17,278.1476886070446,0.0085,0.4726849792480469
2025-11-25 14:24:00-05:00,SELL,17,277.9922814656685,0.0085,0.4727529937744141
2025-11-25 14:24:00-05:00,BUY,17,278.18771121011275,0.0085,0.4727529937744141
2025-11-25 14:25:00-05:00,SELL,17,277.9423112373402,0.0085,0.4726680145263672
2025-11-25 14:25:00-05:00,BUY,17,278.13770585250353,0.0085,0.4726680145263672
2025-11-25 14:26:00-05:00,SELL,17,277.9423112373402,0.0085,0.4726680145263672
2025-11-25 14:26:00-05:00,BUY,17,278.13770585250353,0.0085,0.4726680145263672
2025-11-25 14:27:00-05:00,SELL,17,277.89231050215704,0.0085,0.4725829833984375
2025-11-25 14:27:00-05:00,BUY,17,278.08766996659296,0.0085,0.4725829833984375
2025-11-25 14:28:00-05:00,SELL,17,277.9161973695447,0.0085,0.4726236053466797
2025-11-25 14:28:00-05:00,BUY,17,278.11157362654905,0.0085,0.4726236053466797
2025-11-25 14:29:00-05:00,SELL,17,277.9373081131364,0.0085,0.47265950622558595
2025-11-25 14:29:00-05:00,BUY,17,278.13269921108235,0.0085,0.47265950622558595
2025-11-25 14:30:00-05:00,SELL,17,277.9323965094973,0.0085,0.4726511535644532
2025-11-25 14:30:00-05:00,BUY,17,278.1277841545652,0.0085,0.4726511535644532
2025-11-25 14:31:00-05:00,SELL,17,277.89771021547455,0.0085,0.4725921661376954
2025-11-25 14:31:00-05:00,BUY,17,278.0930734759317,0.0085,0.4725921661376954
2025-11-25 14:32:00-05:00,SELL,17,277.85234652223636,0.0085,0.4725150207519531
2025-11-25 14:32:00-05:00,BUY,17,278.04767789182614,0.0085,0.4725150207519531
2025-11-25 14:33:00-05:00,SELL,17,277.90231675056464,0.0085,0.4726
2025-11-25 14:33:00-05:00,BUY,17,278.09768324943536,0.0085,0.4726
2025-11-25 14:34:00-05:00,SELL,17,277.7223873203569,0.0085,0.4722940124511719
2025-11-25 14:34:00-05:00,BUY,17,277.9176273280806,0.0085,0.4722940124511719
2025-11-25 14:35:00-05:00,SELL,17,277.692399081989,0.0085,0.47224301452636724
2025-11-25 14:35:00-05:00,BUY,17,277.88761800785477,0.0085,0.47224301452636724
2025-11-25 14:36:00-05:00,SELL,18,277.62241635684546,0.009000000000000001,0.49989600219726565
2025-11-25 14:36:00-05:00,BUY,18,277.8175860845608,0.009000000000000001,0.49989600219726565
2025-11-25 14:37:00-05:00,SELL,18,277.637395222602,0.009000000000000001,0.4999229736328125
2025-11-25 14:37:00-05:00,BUY,18,277.832575480523,0.009000000000000001,0.4999229736328125
2025-11-25 14:38:00-05:00,SELL,17,277.7723575486852,0.0085,0.47237899169921876
2025-11-25 14:38:00-05:00,BUY,17,277.9676326856898,0.0085,0.47237899169921876
2025-11-25 14:39:00-05:00,SELL,17,277.74227778975256,0.0085,0.4723278381347657
2025-11-25 14:39:00-05:00,BUY,17,277.93753178055994,0.0085,0.4723278381347657
2025-11-25 14:40:00-05:00,SELL,17,277.6974022061928,0.0085,0.4722515228271485
2025-11-25 14:40:00-05:00,BUY,17,277.89262464927594,0.0085,0.4722515228271485
2025-11-25 14:41:00-05:00,SELL,17,277.84243179439346,0.0085,0.47249815979003906
2025-11-25 14:41:00-05:00,BUY,17,278.0377561938878,0.0085,0.47249815979003906
2025-11-25 14:42:00-05:00,SELL,17,277.79237004550043,0.0085,0.47241302490234377
2025-11-25 14:42:00-05:00,BUY,17,277.98765925137457,0.0085,0.47241302490234377
2025-11-25 14:43:00-05:00,SELL,17,277.8624442912087,0.0085,0.47253219299316407
2025-11-25 14:43:00-05:00,BUY,17,278.05778275957255,0.0085,0.47253219299316407
2025-11-25 14:44:00-05:00,SELL,17,277.8873073779532,0.0085,0.47257447509765627
2025-11-25 14:44:00-05:00,BUY,17,278.0826633251718,0.0085,0.47257447509765627
2025-11-25 14:45:00-05:00,SELL,17,277.89231050215704,0.0085,0.4725829833984375
2025-11-25 14:45:00-05:00,BUY,17,278.08766996659296,0.0085,0.4725829833984375
2025-11-25 14:46:00-05:00,SELL,17,277.8123520354608,0.0085,0.472447006225586
2025-11-25 14:46:00-05:00,BUY,17,278.007655288758,0.0085,0.472447006225586
2025-11-25 14:47:00-05:00,SELL,17,277.8023457870532,0.0085,0.47242998962402344
2025-11-25 14:47:00-05:00,BUY,17,277.99764200591557,0.0085,0.47242998962402344
2025-11-25 14:48:00-05:00,SELL,17,277.692399081989,0.0085,0.47224301452636724
2025-11-25 14:48:00-05:00,BUY,17,277.88761800785477,0.0085,0.47224301452636724
2025-11-25 14:49:00-05:00,SELL,17,277.79237004550043,0.0085,0.47241302490234377
2025-11-25 14:49:00-05:00,BUY,17,277.98765925137457,0.0085,0.47241302490234377
2025-11-25 14:50:00-05:00,SELL,17,277.8323340254211,0.0085,0.4724809875488281
2025-11-25 14:50:00-05:00,BUY,17,278.0276513261414,0.0085,0.4724809875488281
2025-11-25 14:51:00-05:00,SELL,17,277.85234652223636,0.0085,0.4725150207519531
2025-11-25 14:51:00-05:00,BUY,17,278.04767789182614,0.0085,0.4725150207519531
2025-11-25 14:52:00-05:00,SELL,17,277.9423112373402,0.0085,0.4726680145263672
2025-11-25 14:52:00-05:00,BUY,17,278.13770585250353,0.0085,0.4726680145263672
2025-11-25 14:53:00-05:00,SELL,17,277.9522869788929,0.0085,0.4726849792480469
2025-11-25 14:53:00-05:00,BUY,17,278.1476886070446,0.0085,0.4726849792480469
2025-11-25 14:54:00-05:00,SELL,17,277.8363304234132,0.0085,0.47248778381347656
2025-11-25 14:54:00-05:00,BUY,17,278.03165053361806,0.0085,0.47248778381347656
2025-11-25 14:55:00-05:00,SELL,17,277.84734339803254,0.0085,0.4725065124511719
2025-11-25 14:55:00-05:00,BUY,17,278.04267125040496,0.0085,0.4725065124511719
2025-11-25 14:56:00-05:00,SELL,17,277.7123810719493,0.0085,0.47227699584960936
2025-11-25 14:56:00-05:00,BUY,17,277.9076140452382,0.0085,0.47227699584960936
2025-11-25 14:57:00-05:00,SELL,18,277.62241635684546,0.009000000000000001,0.49989600219726565
2025-11-25 14:57:00-05:00,BUY,18,277.8175860845608,0.009000000000000001,0.49989600219726565
2025-11-25 14:58:00-05:00,SELL,18,277.47247516500573,0.009000000000000001,0.4996260131835938
2025-11-25 14:58:00-05:00,BUY,18,277.66753948343177,0.009000000000000001,0.4996260131835938
2025-11-25 14:59:00-05:00,SELL,18,277.4124986882698,0.009000000000000001,0.49951801757812503
2025-11-25 14:59:00-05:00,BUY,18,277.6075208429802,0.009000000000000001,0.49951801757812503
2025-11-25 15:00:00-05:00,SELL,18,277.67250861259333,0.009000000000000001,0.49998619995117194
2025-11-25 15:00:00-05:00,BUY,18,277.8677135553754,0.009000000000000001,0.49998619995117194
2025-11-25 15:01:00-05:00,SELL,17,277.74236931031726,0.0085,0.4723279937744141
2025-11-25 15:01:00-05:00,BUY,17,277.937623365464,0.0085,0.4723279937744141
2025-11-25 15:02:00-05:00,SELL,17,277.72739044456074,0.0085,0.47230252075195317
2025-11-25 15:02:00-05:00,BUY,17,277.92263396950176,0.0085,0.47230252075195317
2025-11-25 15:03:00-05:00,SELL,17,277.8323340254211,0.0085,0.4724809875488281
2025-11-25 15:03:00-05:00,BUY,17,278.0276513261414,0.0085,0.4724809875488281
2025-11-25 15:04:00-05:00,SELL,17,277.85234652223636,0.0085,0.4725150207519531
2025-11-25 15:04:00-05:00,BUY,17,278.04767789182614,0.0085,0.4725150207519531
2025-11-25 15:05:00-05:00,SELL,17,277.8423402738287,0.0085,0.47249800415039067
2025-11-25 15:05:00-05:00,BUY,17,278.0376646089838,0.0085,0.47249800415039067
2025-11-25 15:06:00-05:00,SELL,17,277.8823347606043,0.0085,0.47256601867675785
2025-11-25 15:06:00-05:00,BUY,17,278.07768721205196,0.0085,0.47256601867675785
2025-11-25 15:07:00-05:00,SELL,17,277.79237004550043,0.0085,0.47241302490234377
2025-11-25 15:07:00-05:00,BUY,17,277.98765925137457,0.0085,0.47241302490234377
2025-11-25 15:08:00-05:00,SELL,17,277.7723575486852,0.0085,0.47237899169921876
2025-11-25 15:08:00-05:00,BUY,17,277.9676326856898,0.0085,0.47237899169921876
2025-11-25 15:09:00-05:00,SELL,18,277.64740147100963,0.009000000000000001,0.49994099121093755
2025-11-25 15:09:00-05:00,BUY,18,277.84258876336537,0.009000000000000001,0.49994099121093755
2025-11-25 15:10:00-05:00,SELL,17,277.7023748235417,0.0085,0.4722599792480469
2025-11-25 15:10:00-05:00,BUY,17,277.8976007623958,0.0085,0.4722599792480469
2025-11-25 15:11:00-05:00,SELL,18,277.6524045952134,0.009000000000000001,0.49995
2025-11-25 15:11:00-05:00,BUY,18,277.8475954047866,0.009000000000000001,0.49995
2025-11-25 15:12:00-05:00,SELL,18,277.654692609331,0.009000000000000001,0.49995411987304694
2025-11-25 15:12:00-05:00,BUY,18,277.84988502738776,0.009000000000000001,0.49995411987304694
2025-11-25 15:13:00-05:00,SELL,18,277.6423983468058,0.009000000000000001,0.49993198242187503
2025-11-25 15:13:00-05:00,BUY,18,277.8375821219442,0.009000000000000001,0.49993198242187503
2025-11-25 15:14:00-05:00,SELL,18,277.64740147100963,0.009000000000000001,0.49994099121093755
2025-11-25 15:14:00-05:00,BUY,18,277.84258876336537,0.009000000000000001,0.49994099121093755
2025-11-25 15:15:00-05:00,SELL,17,277.7523755587249,0.0085,0.4723450103759766
2025-11-25 15:15:00-05:00,BUY,17,277.94763664830634,0.0085,0.4723450103759766
2025-11-25 15:16:00-05:00,SELL,17,277.7629614373756,0.0085,0.4723630126953125
2025-11-25 15:16:00-05:00,BUY,17,277.9582299688744,0.0085,0.4723630126953125
2025-11-25 15:17:00-05:00,SELL,17,277.7338884046547,0.0085,0.47231357116699224
2025-11-25 15:17:00-05:00,BUY,17,277.92913649768906,0.0085,0.47231357116699224
2025-11-25 15:18:00-05:00,SELL,17,277.73236306190967,0.0085,0.4723109771728516
2025-11-25 15:18:00-05:00,BUY,17,277.9276100826216,0.0085,0.4723109771728516
2025-11-25 15:19:00-05:00,SELL,17,277.7223873203569,0.0085,0.4722940124511719
2025-11-25 15:19:00-05:00,BUY,17,277.9176273280806,0.0085,0.4722940124511719
2025-11-25 15:20:00-05:00,SELL,17,277.692399081989,0.0085,0.47224301452636724
2025-11-25 15:20:00-05:00,BUY,17,277.88761800785477,0.0085,0.47224301452636724
2025-11-25 15:21:00-05:00,SELL,18,277.6524045952134,0.009000000000000001,0.49995
2025-11-25 15:21:00-05:00,BUY,18,277.8475954047866,0.009000000000000001,0.49995
2025-11-25 15:22:00-05:00,SELL,18,277.6025258874498,0.009000000000000001,0.49986018676757815
2025-11-25 15:22:00-05:00,BUY,18,277.79768163208144,0.009000000000000001,0.49986018676757815
2025-11-25 15:23:00-05:00,SELL,18,277.5974312426813,0.009000000000000001,0.49985101318359376
2025-11-25 15:23:00-05:00,BUY,18,277.7925834057562,0.009000000000000001,0.49985101318359376
2025-11-25 15:24:00-05:00,SELL,18,277.60740698423405,0.009000000000000001,0.4998689758300781
2025-11-25 15:24:00-05:00,BUY,18,277.8025661602972,0.009000000000000001,0.4998689758300781
2025-11-25 15:25:00-05:00,SELL,18,277.49666710094243,0.009000000000000001,0.4996695739746094
2025-11-25 15:25:00-05:00,BUY,18,277.6917484264013,0.009000000000000001,0.4996695739746094
2025-11-25 15:26:00-05:00,SELL,18,277.50246340337367,0.009000000000000001,0.49968001098632814
2025-11-25 15:26:00-05:00,BUY,18,277.6975488036576,0.009000000000000001,0.49968001098632814
2025-11-25 15:27:00-05:00,SELL,18,277.5324516417416,0.009000000000000001,0.49973400878906254
2025-11-25 15:27:00-05:00,BUY,18,277.7275581238834,0.009000000000000001,0.49973400878906254
2025-11-25 15:28:00-05:00,SELL,18,277.45746579239426,0.009000000000000001,0.49959898681640624
2025-11-25 15:28:00-05:00,BUY,18,277.65251955916824,0.009000000000000001,0.49959898681640624
2025-11-25 15:29:00-05:00,SELL,18,277.4674720408019,0.009000000000000001,0.49961700439453127
2025-11-25 15:29:00-05:00,BUY,18,277.6625328420106,0.009000000000000001,0.49961700439453127
2025-11-25 15:30:00-05:00,SELL,18,277.4524626681905,0.009000000000000001,0.4995899780273438
2025-11-25 15:30:00-05:00,BUY,18,277.647512917747,0.009000000000000001,0.4995899780273438
2025-11-25 15:31:00-05:00,SELL,18,277.55743675590577,0.009000000000000001,0.49977899780273444
2025-11-25 15:31:00-05:00,BUY,18,277.752560802688,0.009000000000000001,0.49977899780273444
2025-11-25 15:32:00-05:00,SELL,18,277.44248692663774,0.009000000000000001,0.49957201538085944
2025-11-25 15:32:00-05:00,BUY,18,277.637530163206,0.009000000000000001,0.49957201538085944
2025-11-25 15:33:00-05:00,SELL,18,277.3475190873301,0.009000000000000001,0.49940101318359376
2025-11-25 15:33:00-05:00,BUY,18,277.5424955611074,0.009000000000000001,0.49940101318359376
2025-11-25 15:34:00-05:00,SELL,18,277.33751283892246,0.009000000000000001,0.4993829956054688
2025-11-25 15:34:00-05:00,BUY,18,277.53248227826504,0.009000000000000001,0.4993829956054688
2025-11-25 15:35:00-05:00,SELL,18,277.33250971471864,0.009000000000000001,0.49937398681640627
2025-11-25 15:35:00-05:00,BUY,18,277.52747563684386,0.009000000000000001,0.49937398681640627
2025-11-25 15:36:00-05:00,SELL,18,277.25755437222625,0.009000000000000001,0.49923901977539065
2025-11-25 15:36:00-05:00,BUY,18,277.45246760043,0.009000000000000001,0.49923901977539065
2025-11-25 15:37:00-05:00,SELL,18,277.2540460839126,0.009000000000000001,0.49923270263671876
2025-11-25 15:37:00-05:00,BUY,18,277.4489568457749,0.009000000000000001,0.49923270263671876
2025-11-25 15:38:00-05:00,SELL,18,277.40249243986216,0.009000000000000001,0.4995
2025-11-25 15:38:00-05:00,BUY,18,277.59750756013784,0.009000000000000001,0.4995
2025-11-25 15:39:00-05:00,SELL,18,277.5924281184775,0.009000000000000001,0.4998420043945313
2025-11-25 15:39:00-05:00,BUY,18,277.787576764335,0.009000000000000001,0.4998420043945313
2025-11-25 15:40:00-05:00,SELL,17,277.7023748235417,0.0085,0.4722599792480469
2025-11-25 15:40:00-05:00,BUY,17,277.8976007623958,0.0085,0.4722599792480469
2025-11-25 15:41:00-05:00,SELL,18,277.5384309853023,0.009000000000000001,0.499744775390625
2025-11-25 15:41:00-05:00,BUY,18,277.7335416709477,0.009000000000000001,0.499744775390625
2025-11-25 15:42:00-05:00,SELL,18,277.44248692663774,0.009000000000000001,0.49957201538085944
2025-11-25 15:42:00-05:00,BUY,18,277.637530163206,0.009000000000000001,0.49957201538085944
2025-11-25 15:43:00-05:00,SELL,18,277.37750732569805,0.009000000000000001,0.4994550109863281
2025-11-25 15:43:00-05:00,BUY,18,277.5725048813332,0.009000000000000001,0.4994550109863281
2025-11-25 15:44:00-05:00,SELL,18,277.2525512480224,0.009000000000000001,0.49923001098632813
2025-11-25 15:44:00-05:00,BUY,18,277.4474609590088,0.009000000000000001,0.49923001098632813
2025-11-25 15:45:00-05:00,SELL,18,277.2550528101243,0.009000000000000001,0.4992345153808594
2025-11-25 15:45:00-05:00,BUY,18,277.44996427971944,0.009000000000000001,0.4992345153808594
2025-11-25 15:46:00-05:00,SELL,18,277.31252772475835,0.009000000000000001,0.4993380065917969
2025-11-25 15:46:00-05:00,BUY,18,277.5074795994604,0.009000000000000001,0.4993380065917969
2025-11-25 15:47:00-05:00,SELL,18,277.4524626681905,0.009000000000000001,0.4995899780273438
2025-11-25 15:47:00-05:00,BUY,18,277.647512917747,0.009000000000000001,0.4995899780273438
2025-11-25 15:48:00-05:00,SELL,18,277.4624689165981,0.009000000000000001,0.49960799560546876
2025-11-25 15:48:00-05:00,BUY,18,277.6575262005894,0.009000000000000001,0.49960799560546876
2025-11-25 15:49:00-05:00,SELL,18,277.41750181247363,0.009000000000000001,0.49952702636718754
2025-11-25 15:49:00-05:00,BUY,18,277.61252748440137,0.009000000000000001,0.49952702636718754
2025-11-25 15:50:00-05:00,SELL,17,277.79237004550043,0.0085,0.47241302490234377
2025-11-25 15:50:00-05:00,BUY,17,277.98765925137457,0.0085,0.47241302490234377
2025-11-25 15:51:00-05:00,SELL,17,277.73236306190967,0.0085,0.4723109771728516
2025-11-25 15:51:00-05:00,BUY,17,277.9276100826216,0.0085,0.4723109771728516
2025-11-25 15:52:00-05:00,SELL,18,277.6274194810493,0.009000000000000001,0.4999050109863281
2025-11-25 15:52:00-05:00,BUY,18,277.82259272598196,0.009000000000000001,0.4999050109863281
2025-11-25 15:53:00-05:00,SELL,17,277.7223873203569,0.0085,0.4722940124511719
2025-11-25 15:53:00-05:00,BUY,17,277.9176273280806,0.0085,0.4722940124511719
2025-11-25 15:54:00-05:00,SELL,18,277.33250971471864,0.009000000000000001,0.49937398681640627
2025-11-25 15:54:00-05:00,BUY,18,277.52747563684386,0.009000000000000001,0.49937398681640627
2025-11-25 15:55:00-05:00,SELL,18,277.3025214763507,0.009000000000000001,0.4993199890136719
2025-11-25 15:55:00-05:00,BUY,18,277.49746631661804,0.009000000000000001,0.4993199890136719
2025-11-25 15:56:00-05:00,SELL,18,277.1175889219392,0.009000000000000001,0.4989869934082031
2025-11-25 15:56:00-05:00,BUY,18,277.31240375384203,0.009000000000000001,0.4989869934082031
2025-11-25 15:57:00-05:00,SELL,18,276.9126743775673,0.009000000000000001,0.498618017578125
2025-11-25 15:57:00-05:00,BUY,18,277.1073451536827,0.009000000000000001,0.498618017578125
2025-11-25 15:58:00-05:00,SELL,18,276.9126743775673,0.009000000000000001,0.498618017578125
2025-11-25 15:58:00-05:00,BUY,18,277.1073451536827,0.009000000000000001,0.498618017578125
2025-11-25 15:59:00-05:00,SELL,18,276.85269790083146,0.009000000000000001,0.49851002197265626
2025-11-25 15:59:00-05:00,BUY,18,277.04732651323104,0.009000000000000001,0.49851002197265626
2025-11-26 09:30:00-05:00,SELL,17,277.85234652223636,0.0085,0.4725150207519531
2025-11-26 09:34:00-05:00,BUY,34,278.6828802579891,0.017,0.9471889709472656
2025-11-26 09:34:00-05:00,SELL,17,278.48710265216715,0.0085,0.4735944854736328
2025-11-26 09:35:00-05:00,BUY,17,278.76793210554666,0.0085,0.47373902282714847
2025-11-26 09:43:00-05:00,BUY,1,277.417451638783,0.0005,0.027732000732421876
2025-11-26 09:46:00-05:00,SELL,1,277.73736618611343,0.0005,0.027783499145507814
2025-11-26 09:46:00-05:00,SELL,17,277.73736618611343,0.0085,0.47231948547363284
2025-11-26 09:47:00-05:00,BUY,18,277.70753155819864,0.009000000000000001,0.49969797363281254
2025-11-26 09:49:00-05:00,SELL,1,277.7123810719493,0.0005,0.027780999755859376
2025-11-26 09:49:00-05:00,SELL,17,277.7123810719493,0.0085,0.47227699584960936
2025-11-26 09:50:00-05:00,BUY,17,278.41279637595693,0.0085,0.47313550415039063
2025-11-26 09:52:00-05:00,BUY,1,277.66753948343177,0.0005,0.027757000732421877
2025-11-26 09:55:00-05:00,SELL,36,277.16258653291857,0.018000000000000002,0.99813603515625
2025-11-26 10:26:00-05:00,BUY,1,277.8757119703288,0.0005,0.027777810668945312
2025-11-26 10:28:00-05:00,BUY,34,277.972639327111,0.017,0.944775
2025-11-26 10:28:00-05:00,SELL,17,277.777360672889,0.0085,0.4723875
2025-11-26 10:29:00-05:00,BUY,17,277.9076140452382,0.0085,0.47227699584960936
2025-11-26 10:30:00-05:00,BUY,1,277.647512917747,0.0005,0.027754998779296877
2025-11-26 10:40:00-05:00,SELL,36,277.08259755936746,0.018000000000000002,0.9978479736328125
2025-11-26 10:52:00-05:00,BUY,1,277.87760472501236,0.0005,0.02777799987792969
2025-11-26 10:55:00-05:00,BUY,34,278.15761030498294,0.017,0.9454036804199218
2025-11-26 10:55:00-05:00,SELL,17,277.9622017067358,0.0085,0.4727018402099609
2025-11-26 10:56:00-05:00,BUY,17,278.1476886070446,0.0085,0.4726849792480469
2025-11-26 12:16:00-05:00,SELL,34,279.01191207703374,0.017,0.9489739501953126
2025-11-26 14:21:00-05:00,BUY,34,278.4178030173781,0.017,0.9462880249023438
2025-11-26 14:21:00-05:00,SELL,17,278.2222116310594,0.0085,0.4731440124511719
2025-11-26 14:22:00-05:00,BUY,17,278.43279241334034,0.0085,0.47316948547363286
2025-11-26 15:27:00-05:00,SELL,34,278.03727907664785,0.017,0.945659033203125
2025-11-26 15:50:00-05:00,SELL,1,277.61241010843787,0.0005,0.027770999145507815
2025-11-26 15:57:00-05:00,BUY,1,277.88761800785477,0.0005,0.02777900085449219
2025-11-26 15:59:00-05:00,SELL,1,277.3725042014942,0.0005,0.027747000122070313
2025-11-28 09:30:00-05:00,BUY,18,277.5979960129594,0.009000000000000001,0.49950087890625006
2025-11-28 09:31:00-05:00,SELL,17,277.9423112373402,0.0085,0.4726680145263672
2025-11-28 09:31:00-05:00,BUY,17,278.13770585250353,0.0085,0.4726680145263672
2025-11-28 09:32:00-05:00,SELL,17,277.7523755587249,0.0085,0.4723450103759766
2025-11-28 09:32:00-05:00,BUY,17,277.94763664830634,0.0085,0.4723450103759766
2025-11-28 09:33:00-05:00,SELL,18,277.1425740361033,0.009000000000000001,0.499031982421875
2025-11-28 09:33:00-05:00,BUY,18,277.3374064326467,0.009000000000000001,0.499031982421875
2025-11-28 09:34:00-05:00,SELL,18,277.01261483422394,0.009000000000000001,0.4987979736328125
2025-11-28 09:34:00-05:00,BUY,18,277.20735586890106,0.009000000000000001,0.4987979736328125
2025-11-28 09:35:00-05:00,SELL,18,276.9926328442636,0.009000000000000001,0.49876199340820315
2025-11-28 09:35:00-05:00,BUY,18,277.18735983151765,0.009000000000000001,0.49876199340820315
2025-11-28 09:36:00-05:00,SELL,18,277.21255676124684,0.009000000000000001,0.4991579956054688
2025-11-28 09:36:00-05:00,BUY,18,277.40743835594066,0.009000000000000001,0.4991579956054688
2025-11-28 09:37:00-05:00,SELL,18,277.27253323798277,0.009000000000000001,0.49926599121093757
2025-11-28 09:37:00-05:00,BUY,18,277.46745699639223,0.009000000000000001,0.49926599121093757
2025-11-28 09:38:00-05:00,SELL,18,277.007642216875,0.009000000000000001,0.49878901977539064
2025-11-28 09:38:00-05:00,BUY,18,277.20237975578124,0.009000000000000001,0.49878901977539064
2025-11-28 09:39:00-05:00,SELL,18,276.92277214653967,0.009000000000000001,0.49863619995117187
2025-11-28 09:39:00-05:00,BUY,18,277.1174500214291,0.009000000000000001,0.49863619995117187
2025-11-28 09:40:00-05:00,SELL,18,276.44353996289556,0.009000000000000001,0.4977732788085938
2025-11-28 09:40:00-05:00,BUY,18,276.63788093554194,0.009000000000000001,0.4977732788085938
2025-11-28 09:41:00-05:00,SELL,18,276.05296069959456,0.009000000000000001,0.49706998901367194
2025-11-28 09:41:00-05:00,BUY,18,276.2470270933742,0.009000000000000001,0.49706998901367194
2025-11-28 09:42:00-05:00,SELL,18,276.2328901298023,0.009000000000000001,0.49739397583007816
2025-11-28 09:42:00-05:00,BUY,18,276.42708301472896,0.009000000000000001,0.49739397583007816
2025-11-28 09:43:00-05:00,SELL,18,276.1229434247381,0.009000000000000001,0.4971960021972656
2025-11-28 09:43:00-05:00,BUY,18,276.31705901666817,0.009000000000000001,0.4971960021972656
2025-11-28 09:44:00-05:00,SELL,18,276.32297687232574,0.009000000000000001,0.49755618896484377
2025-11-28 09:44:00-05:00,BUY,18,276.51723308861176,0.009000000000000001,0.49755618896484377
2025-11-28 09:45:00-05:00,SELL,18,276.3028728549458,0.009000000000000001,0.49751998901367195
2025-11-28 09:45:00-05:00,BUY,18,276.49711493802295,0.009000000000000001,0.49751998901367195
2025-11-28 09:46:00-05:00,SELL,18,276.2328901298023,0.009000000000000001,0.49739397583007816
2025-11-28 09:46:00-05:00,BUY,18,276.42708301472896,0.009000000000000001,0.49739397583007816
2025-11-28 09:47:00-05:00,SELL,18,276.33926753284305,0.009000000000000001,0.4975855224609375
2025-11-28 09:47:00-05:00,BUY,18,276.53353520153195,0.009000000000000001,0.4975855224609375
2025-11-28 09:48:00-05:00,SELL,18,276.36284933168173,0.009000000000000001,0.49762798461914065
2025-11-28 09:48:00-05:00,BUY,18,276.5571335784745,0.009000000000000001,0.49762798461914065
2025-11-28 09:49:00-05:00,SELL,18,276.7627026788727,0.009000000000000001,0.4983479736328125
2025-11-28 09:49:00-05:00,BUY,18,276.9572680242523,0.009000000000000001,0.4983479736328125
2025-11-28 09:50:00-05:00,SELL,18,276.75272693731995,0.009000000000000001,0.4983300109863281
2025-11-28 09:50:00-05:00,BUY,18,276.9472852697113,0.009000000000000001,0.4983300109863281
2025-11-28 09:51:00-05:00,SELL,18,276.90635945860276,0.009000000000000001,0.4986066467285156
2025-11-28 09:51:00-05:00,BUY,18,277.1010257953035,0.009000000000000001,0.4986066467285156
2025-11-28 09:52:00-05:00,SELL,18,276.28289086498546,0.009000000000000001,0.4974840087890625
2025-11-28 09:52:00-05:00,BUY,18,276.47711890063954,0.009000000000000001,0.4974840087890625
2025-11-28 09:53:00-05:00,SELL,18,276.41413135477075,0.009000000000000001,0.4977203247070313
2025-11-28 09:53:00-05:00,BUY,18,276.60845165304175,0.009000000000000001,0.4977203247070313
2025-11-28 09:54:00-05:00,SELL,18,276.2928971133931,0.009000000000000001,0.4975020263671875
2025-11-28 09:54:00-05:00,BUY,18,276.4871321834819,0.009000000000000001,0.4975020263671875
2025-11-28 09:55:00-05:00,SELL,18,276.250889174194,0.009000000000000001,0.49742638549804685
2025-11-28 09:55:00-05:00,BUY,18,276.44509471252474,0.009000000000000001,0.49742638549804685
2025-11-28 09:56:00-05:00,SELL,18,276.0729731964098,0.009000000000000001,0.49710602416992195
2025-11-28 09:56:00-05:00,BUY,18,276.26705365905894,0.009000000000000001,0.49710602416992195
2025-11-28 09:57:00-05:00,SELL,18,276.1107406827776,0.009000000000000001,0.49717402954101564
2025-11-28 09:57:00-05:00,BUY,18,276.30484769612866,0.009000000000000001,0.49717402954101564
2025-11-28 09:58:00-05:00,SELL,18,276.66276222221614,0.009000000000000001,0.498168017578125
2025-11-28 09:58:00-05:00,BUY,18,276.85725730903386,0.009000000000000001,0.498168017578125
2025-11-28 09:59:00-05:00,SELL,18,276.173035680486,0.009000000000000001,0.4972861999511719
2025-11-28 09:59:00-05:00,BUY,18,276.36718648748274,0.009000000000000001,0.4972861999511719
2025-11-28 10:00:00-05:00,SELL,18,276.33286109331374,0.009000000000000001,0.4975739868164063
2025-11-28 10:00:00-05:00,BUY,18,276.52712425824876,0.009000000000000001,0.4975739868164063
2025-11-28 10:01:00-05:00,SELL,18,276.5727975071123,0.009000000000000001,0.4980060241699219
2025-11-28 10:01:00-05:00,BUY,18,276.76722934835647,0.009000000000000001,0.4980060241699219
2025-11-28 10:02:00-05:00,SELL,18,276.66276222221614,0.009000000000000001,0.498168017578125
2025-11-28 10:02:00-05:00,BUY,18,276.85725730903386,0.009000000000000001,0.498168017578125
2025-11-28 10:03:00-05:00,SELL,18,276.7677058030765,0.009000000000000001,0.49835698242187504
2025-11-28 10:03:00-05:00,BUY,18,276.9622746656735,0.009000000000000001,0.49835698242187504
2025-11-28 10:04:00-05:00,SELL,18,276.44283830523284,0.009000000000000001,0.4977720153808594
2025-11-28 10:04:00-05:00,BUY,18,276.6371787846109,0.009000000000000001,0.4977720153808594
2025-11-28 10:05:00-05:00,SELL,18,276.5463785707678,0.009000000000000001,0.49795845336914063
2025-11-28 10:05:00-05:00,BUY,18,276.74079183938846,0.009000000000000001,0.49795845336914063
2025-11-28 10:06:00-05:00,SELL,18,276.4488176487935,0.009000000000000001,0.49778278198242193
2025-11-28 10:06:00-05:00,BUY,18,276.6431623316752,0.009000000000000001,0.49778278198242193
2025-11-28 10:07:00-05:00,SELL,18,276.66276222221614,0.009000000000000001,0.498168017578125
2025-11-28 10:07:00-05:00,BUY,18,276.85725730903386,0.009000000000000001,0.498168017578125
2025-11-28 10:08:00-05:00,SELL,18,276.5328030203367,0.009000000000000001,0.4979340087890625
2025-11-28 10:08:00-05:00,BUY,18,276.7272067452883,0.009000000000000001,0.4979340087890625
2025-11-28 10:09:00-05:00,SELL,18,276.55278501029704,0.009000000000000001,0.4979699890136719
2025-11-28 10:09:00-05:00,BUY,18,276.7472027826717,0.009000000000000001,0.4979699890136719
2025-11-28 10:10:00-05:00,SELL,18,276.4228258084176,0.009000000000000001,0.4977359802246094
2025-11-28 10:10:00-05:00,BUY,18,276.61715221892615,0.009000000000000001,0.4977359802246094
2025-11-28 10:11:00-05:00,SELL,18,276.32288535176104,0.009000000000000001,0.4975560241699219
2025-11-28 10:11:00-05:00,BUY,18,276.5171415037077,0.009000000000000001,0.4975560241699219
2025-11-28 10:12:00-05:00,SELL,18,276.5328030203367,0.009000000000000001,0.4979340087890625
2025-11-28 10:12:00-05:00,BUY,18,276.7272067452883,0.009000000000000001,0.4979340087890625
2025-11-28 10:13:00-05:00,SELL,18,276.6927504605841,0.009000000000000001,0.49822201538085936
2025-11-28 10:13:00-05:00,BUY,18,276.88726662925967,0.009000000000000001,0.49822201538085936
2025-11-28 10:14:00-05:00,SELL,18,276.5727975071123,0.009000000000000001,0.4980060241699219
2025-11-28 10:14:00-05:00,BUY,18,276.76722934835647,0.009000000000000001,0.4980060241699219
2025-11-28 10:15:00-05:00,SELL,18,276.5977826212764,0.009000000000000001,0.4980510131835938
2025-11-28 10:15:00-05:00,BUY,18,276.7922320271611,0.009000000000000001,0.4980510131835938
2025-11-28 10:16:00-05:00,SELL,18,276.6527559738085,0.009000000000000001,0.49815000000000004
2025-11-28 10:16:00-05:00,BUY,18,276.8472440261915,0.009000000000000001,0.49815000000000004
2025-11-28 10:17:00-05:00,SELL,18,276.55278501029704,0.009000000000000001,0.4979699890136719
2025-11-28 10:17:00-05:00,BUY,18,276.7472027826717,0.009000000000000001,0.4979699890136719
2025-11-28 10:18:00-05:00,SELL,18,276.56779438290846,0.009000000000000001,0.4979970153808594
2025-11-28 10:18:00-05:00,BUY,18,276.7622227069353,0.009000000000000001,0.4979970153808594
2025-11-28 10:19:00-05:00,SELL,18,276.40284381845726,0.009000000000000001,0.49770000000000003
2025-11-28 10:19:00-05:00,BUY,18,276.59715618154274,0.009000000000000001,0.49770000000000003
2025-11-28 10:20:00-05:00,SELL,18,276.7846066006918,0.009000000000000001,0.4983874145507813
2025-11-28 10:20:00-05:00,BUY,18,276.9791873446207,0.009000000000000001,0.4983874145507813
2025-11-28 10:21:00-05:00,SELL,18,276.74702215545346,0.009000000000000001,0.4983197387695313
2025-11-28 10:21:00-05:00,BUY,18,276.94157647735904,0.009000000000000001,0.4983197387695313
2025-11-28 10:22:00-05:00,SELL,18,276.51279052352146,0.009000000000000001,0.4978979736328125
2025-11-28 10:22:00-05:00,BUY,18,276.70718017960354,0.009000000000000001,0.4978979736328125
2025-11-28 10:23:00-05:00,SELL,18,276.20290189143435,0.009000000000000001,0.49733997802734375
2025-11-28 10:23:00-05:00,BUY,18,276.39707369450315,0.009000000000000001,0.49733997802734375
2025-11-28 10:24:00-05:00,SELL,18,276.32288535176104,0.009000000000000001,0.4975560241699219
2025-11-28 10:24:00-05:00,BUY,18,276.5171415037077,0.009000000000000001,0.4975560241699219
2025-11-28 10:25:00-05:00,SELL,18,276.3428673417214,0.009000000000000001,0.4975920043945313
2025-11-28 10:25:00-05:00,BUY,18,276.5371375410911,0.009000000000000001,0.4975920043945313
2025-11-28 10:26:00-05:00,SELL,18,276.182919901474,0.009000000000000001,0.4973039978027344
2025-11-28 10:26:00-05:00,BUY,18,276.37707765711974,0.009000000000000001,0.4973039978027344
2025-11-28 10:27:00-05:00,SELL,18,276.1429254146984,0.009000000000000001,0.49723198242187505
2025-11-28 10:27:00-05:00,BUY,18,276.3370550540516,0.009000000000000001,0.49723198242187505
2025-11-28 10:28:00-05:00,SELL,18,276.25790575082135,0.009000000000000001,0.4974390197753906
2025-11-28 10:28:00-05:00,BUY,18,276.4521162218349,0.009000000000000001,0.4974390197753906
2025-11-28 10:29:00-05:00,SELL,18,276.16293791151367,0.009000000000000001,0.49726801757812505
2025-11-28 10:29:00-05:00,BUY,18,276.35708161973633,0.009000000000000001,0.49726801757812505
2025-11-28 10:30:00-05:00,SELL,18,276.1229434247381,0.009000000000000001,0.4971960021972656
2025-11-28 10:30:00-05:00,BUY,18,276.31705901666817,0.009000000000000001,0.4971960021972656
2025-11-28 10:31:00-05:00,SELL,18,276.17291365306636,0.009000000000000001,0.4972859802246094
2025-11-28 10:31:00-05:00,BUY,18,276.3670643742774,0.009000000000000001,0.4972859802246094
2025-11-28 10:32:00-05:00,SELL,18,276.3123604868201,0.009000000000000001,0.49753707275390624
2025-11-28 10:32:00-05:00,BUY,18,276.5066092397424,0.009000000000000001,0.49753707275390624
2025-11-28 10:33:00-05:00,SELL,18,276.4778296678046,0.009000000000000001,0.4978350219726563
2025-11-28 10:33:00-05:00,BUY,18,276.6721947462579,0.009000000000000001,0.4978350219726563
2025-11-28 10:34:00-05:00,SELL,18,276.3728555800893,0.009000000000000001,0.4976460021972656
2025-11-28 10:34:00-05:00,BUY,18,276.5671468613169,0.009000000000000001,0.4976460021972656
2025-11-28 10:35:00-05:00,SELL,18,276.3128791033534,0.009000000000000001,0.4975380065917969
2025-11-28 10:35:00-05:00,BUY,18,276.50712822086535,0.009000000000000001,0.4975380065917969
2025-11-28 10:36:00-05:00,SELL,18,276.32785796910997,0.009000000000000001,0.49756497802734373
2025-11-28 10:36:00-05:00,BUY,18,276.52211761682753,0.009000000000000001,0.49756497802734373
2025-11-28 10:37:00-05:00,SELL,18,276.2428963782099,0.009000000000000001,0.49741199340820313
2025-11-28 10:37:00-05:00,BUY,18,276.4370962975714,0.009000000000000001,0.49741199340820313
2025-11-28 10:38:00-05:00,SELL,18,276.352873590129,0.009000000000000001,0.49761002197265625
2025-11-28 10:38:00-05:00,BUY,18,276.5471508239335,0.009000000000000001,0.49761002197265625
2025-11-28 10:39:00-05:00,SELL,18,276.3822516913989,0.009000000000000001,0.49766292114257815
2025-11-28 10:39:00-05:00,BUY,18,276.57654957813236,0.009000000000000001,0.49766292114257815
2025-11-28 10:40:00-05:00,SELL,18,276.2628783681702,0.009000000000000001,0.4974479736328125
2025-11-28 10:40:00-05:00,BUY,18,276.4570923349548,0.009000000000000001,0.4974479736328125
2025-11-28 10:41:00-05:00,SELL,18,276.33286109331374,0.009000000000000001,0.4975739868164063
2025-11-28 10:41:00-05:00,BUY,18,276.52712425824876,0.009000000000000001,0.4975739868164063
2025-11-28 10:42:00-05:00,SELL,18,276.5227967719291,0.009000000000000001,0.4979159912109375
2025-11-28 10:42:00-05:00,BUY,18,276.7171934624459,0.009000000000000001,0.4979159912109375
2025-11-28 10:43:00-05:00,SELL,18,276.37785870429315,0.009000000000000001,0.49765501098632814
2025-11-28 10:43:00-05:00,BUY,18,276.5721535027381,0.009000000000000001,0.49765501098632814
2025-11-28 10:44:00-05:00,SELL,18,276.39024448738303,0.009000000000000001,0.4976773132324219
2025-11-28 10:44:00-05:00,BUY,18,276.5845479930857,0.009000000000000001,0.4976773132324219
2025-11-28 10:45:00-05:00,SELL,18,276.28289086498546,0.009000000000000001,0.4974840087890625
2025-11-28 10:45:00-05:00,BUY,18,276.47711890063954,0.009000000000000001,0.4974840087890625
2025-11-28 10:46:00-05:00,SELL,18,276.3428673417214,0.009000000000000001,0.4975920043945313
2025-11-28 10:46:00-05:00,BUY,18,276.5371375410911,0.009000000000000001,0.4975920043945313
2025-11-28 10:47:00-05:00,SELL,18,276.32288535176104,0.009000000000000001,0.4975560241699219
2025-11-28 10:47:00-05:00,BUY,18,276.5171415037077,0.009000000000000001,0.4975560241699219
2025-11-28 10:48:00-05:00,SELL,18,276.44283830523284,0.009000000000000001,0.4977720153808594
2025-11-28 10:48:00-05:00,BUY,18,276.6371787846109,0.009000000000000001,0.4977720153808594
2025-11-28 10:49:00-05:00,SELL,18,276.48780540935735,0.009000000000000001,0.4978529846191406
2025-11-28 10:49:00-05:00,BUY,18,276.6821775007989,0.009000000000000001,0.4978529846191406
2025-11-28 10:50:00-05:00,SELL,18,276.6027857454802,0.009000000000000001,0.49806002197265625
2025-11-28 10:50:00-05:00,BUY,18,276.7972386685823,0.009000000000000001,0.49806002197265625
2025-11-28 10:51:00-05:00,BUY,18,276.80722142312334,0.009000000000000001,0.4980779846191406
2025-11-28 10:51:00-05:00,SELL,18,276.6127614870329,0.009000000000000001,0.4980779846191406
2025-11-28 10:52:00-05:00,BUY,18,276.8722467049961,0.009000000000000001,0.49819498901367193
2025-11-28 10:52:00-05:00,SELL,18,276.67774108797266,0.009000000000000001,0.49819498901367193
2025-11-28 10:53:00-05:00,BUY,18,276.9372719868689,0.009000000000000001,0.49831199340820315
2025-11-28 10:53:00-05:00,SELL,18,276.74272068891236,0.009000000000000001,0.49831199340820315
2025-11-28 10:54:00-05:00,BUY,18,276.7972386685823,0.009000000000000001,0.49806002197265625
2025-11-28 10:54:00-05:00,SELL,18,276.6027857454802,0.009000000000000001,0.49806002197265625
2025-11-28 10:55:00-05:00,BUY,18,276.6771708593777,0.009000000000000001,0.49784397583007817
2025-11-28 10:55:00-05:00,SELL,18,276.4828022851535,0.009000000000000001,0.49784397583007817
2025-11-28 10:56:00-05:00,BUY,18,276.64426135052383,0.009000000000000001,0.49778475952148443
2025-11-28 10:56:00-05:00,SELL,18,276.4499158955699,0.009000000000000001,0.49778475952148443
2025-11-28 10:57:00-05:00,BUY,18,276.6071694643851,0.009000000000000001,0.49771801757812506
2025-11-28 10:57:00-05:00,SELL,18,276.4128500668649,0.009000000000000001,0.49771801757812506
2025-11-28 10:58:00-05:00,BUY,18,276.5371375410911,0.009000000000000001,0.4975920043945313
2025-11-28 10:58:00-05:00,SELL,18,276.3428673417214,0.009000000000000001,0.4975920043945313
2025-11-28 10:59:00-05:00,BUY,18,276.5571335784745,0.009000000000000001,0.49762798461914065
2025-11-28 10:59:00-05:00,SELL,18,276.36284933168173,0.009000000000000001,0.49762798461914065
2025-11-28 11:00:00-05:00,BUY,18,276.4742187120114,0.009000000000000001,0.49747879028320313
2025-11-28 11:00:00-05:00,SELL,18,276.27999271376984,0.009000000000000001,0.49747879028320313
2025-11-28 11:01:00-05:00,BUY,18,276.4421945238966,0.009000000000000001,0.4974211669921875
2025-11-28 11:01:00-05:00,SELL,18,276.2479910229784,0.009000000000000001,0.4974211669921875
2025-11-28 11:02:00-05:00,BUY,18,276.7272067452883,0.009000000000000001,0.4979340087890625
2025-11-28 11:02:00-05:00,SELL,18,276.5328030203367,0.009000000000000001,0.4979340087890625
2025-11-28 11:03:00-05:00,SELL,18,276.56279125870464,0.009000000000000001,0.49798800659179693
2025-11-28 11:03:00-05:00,BUY,18,276.7572160655141,0.009000000000000001,0.49798800659179693
2025-11-28 11:04:00-05:00,SELL,18,276.5277998961329,0.009000000000000001,0.49792500000000006
2025-11-28 11:04:00-05:00,BUY,18,276.7222001038671,0.009000000000000001,0.49792500000000006
2025-11-28 11:05:00-05:00,SELL,18,276.6234693931033,0.009000000000000001,0.498097265625
2025-11-28 11:05:00-05:00,BUY,18,276.8179368568967,0.009000000000000001,0.498097265625
2025-11-28 11:06:00-05:00,BUY,18,276.8772533464173,0.009000000000000001,0.4982039978027344
2025-11-28 11:06:00-05:00,SELL,18,276.68274421217643,0.009000000000000001,0.4982039978027344
2025-11-28 11:07:00-05:00,BUY,18,276.8073435363287,0.009000000000000001,0.49807820434570316
2025-11-28 11:07:00-05:00,SELL,18,276.61288351445256,0.009000000000000001,0.49807820434570316
2025-11-28 11:08:00-05:00,BUY,18,276.7772121028975,0.009000000000000001,0.49802398681640625
2025-11-28 11:08:00-05:00,SELL,18,276.582773248665,0.009000000000000001,0.49802398681640625
2025-11-28 11:09:00-05:00,BUY,18,276.76722934835647,0.009000000000000001,0.4980060241699219
2025-11-28 11:09:00-05:00,SELL,18,276.5727975071123,0.009000000000000001,0.4980060241699219
2025-11-28 11:10:00-05:00,BUY,18,276.6771708593777,0.009000000000000001,0.49784397583007817
2025-11-28 11:10:00-05:00,SELL,18,276.4828022851535,0.009000000000000001,0.49784397583007817
2025-11-28 11:11:00-05:00,BUY,18,276.61715221892615,0.009000000000000001,0.4977359802246094
2025-11-28 11:11:00-05:00,SELL,18,276.4228258084176,0.009000000000000001,0.4977359802246094
2025-11-28 11:12:00-05:00,BUY,18,276.7922320271611,0.009000000000000001,0.4980510131835938
2025-11-28 11:12:00-05:00,SELL,18,276.5977826212764,0.009000000000000001,0.4980510131835938
2025-11-28 11:13:00-05:00,BUY,18,276.80722142312334,0.009000000000000001,0.4980779846191406
2025-11-28 11:13:00-05:00,SELL,18,276.6127614870329,0.009000000000000001,0.4980779846191406
2025-11-28 11:14:00-05:00,BUY,18,276.78270719714027,0.009000000000000001,0.49803387451171877
2025-11-28 11:14:00-05:00,SELL,18,276.58826448254723,0.009000000000000001,0.49803387451171877
2025-11-28 11:15:00-05:00,BUY,18,276.7272067452883,0.009000000000000001,0.4979340087890625
2025-11-28 11:15:00-05:00,SELL,18,276.5328030203367,0.009000000000000001,0.4979340087890625
2025-11-28 11:16:00-05:00,BUY,18,276.70718017960354,0.009000000000000001,0.4978979736328125
2025-11-28 11:16:00-05:00,SELL,18,276.51279052352146,0.009000000000000001,0.4978979736328125
2025-11-28 11:17:00-05:00,BUY,18,276.7171934624459,0.009000000000000001,0.4979159912109375
2025-11-28 11:17:00-05:00,SELL,18,276.5227967719291,0.009000000000000001,0.4979159912109375
2025-11-28 11:18:00-05:00,BUY,18,276.6921907836413,0.009000000000000001,0.4978710021972656
2025-11-28 11:18:00-05:00,SELL,18,276.49781165776494,0.009000000000000001,0.4978710021972656
2025-11-28 11:19:00-05:00,BUY,18,276.61715221892615,0.009000000000000001,0.4977359802246094
2025-11-28 11:19:00-05:00,SELL,18,276.4228258084176,0.009000000000000001,0.4977359802246094
2025-11-28 11:20:00-05:00,BUY,18,276.58714289870034,0.009000000000000001,0.49768198242187506
2025-11-28 11:20:00-05:00,SELL,18,276.39283757004966,0.009000000000000001,0.49768198242187506
2025-11-28 11:21:00-05:00,BUY,18,276.50712822086535,0.009000000000000001,0.4975380065917969
2025-11-28 11:21:00-05:00,SELL,18,276.3128791033534,0.009000000000000001,0.4975380065917969
2025-11-28 11:22:00-05:00,BUY,18,276.38709093996215,0.009000000000000001,0.4973220153808594
2025-11-28 11:22:00-05:00,SELL,18,276.1929261498816,0.009000000000000001,0.4973220153808594
2025-11-28 11:23:00-05:00,SELL,18,276.0939619125819,0.009000000000000001,0.49714381713867195
2025-11-28 11:23:00-05:00,BUY,18,276.28805713038685,0.009000000000000001,0.49714381713867195
2025-11-28 11:24:00-05:00,SELL,18,276.1203503420715,0.009000000000000001,0.4971913330078125
2025-11-28 11:24:00-05:00,BUY,18,276.3144641110535,0.009000000000000001,0.4971913330078125
2025-11-28 11:25:00-05:00,SELL,18,276.04298495804187,0.009000000000000001,0.49705202636718754
2025-11-28 11:25:00-05:00,BUY,18,276.23704433883313,0.009000000000000001,0.49705202636718754
2025-11-28 11:26:00-05:00,SELL,18,275.9480171187342,0.009000000000000001,0.49688102416992186
2025-11-28 11:26:00-05:00,BUY,18,276.14200973673456,0.009000000000000001,0.49688102416992186
2025-11-28 11:27:00-05:00,SELL,18,276.05296069959456,0.009000000000000001,0.49706998901367194
2025-11-28 11:27:00-05:00,BUY,18,276.2470270933742,0.009000000000000001,0.49706998901367194
2025-11-28 11:28:00-05:00,SELL,18,276.03798183383805,0.009000000000000001,0.497043017578125
2025-11-28 11:28:00-05:00,BUY,18,276.23203769741195,0.009000000000000001,0.497043017578125
2025-11-28 11:29:00-05:00,SELL,18,276.1529316631061,0.009000000000000001,0.49725
2025-11-28 11:29:00-05:00,BUY,18,276.3470683368939,0.009000000000000001,0.49725
2025-11-28 11:30:00-05:00,SELL,18,275.89371491700996,0.009000000000000001,0.49678324584960937
2025-11-28 11:30:00-05:00,BUY,18,276.0876693603338,0.009000000000000001,0.49678324584960937
2025-11-28 11:31:00-05:00,SELL,18,276.0029904712663,0.009000000000000001,0.49698001098632816
2025-11-28 11:31:00-05:00,BUY,18,276.19702173576496,0.009000000000000001,0.49698001098632816
2025-11-28 11:32:00-05:00,SELL,18,276.1679410357175,0.009000000000000001,0.4972770263671875
2025-11-28 11:32:00-05:00,BUY,18,276.3620882611575,0.009000000000000001,0.4972770263671875
2025-11-28 11:33:00-05:00,SELL,18,276.2428963782099,0.009000000000000001,0.49741199340820313
2025-11-28 11:33:00-05:00,BUY,18,276.4370962975714,0.009000000000000001,0.49741199340820313
2025-11-28 11:34:00-05:00,SELL,18,276.28289086498546,0.009000000000000001,0.4974840087890625
2025-11-28 11:34:00-05:00,BUY,18,276.47711890063954,0.009000000000000001,0.4974840087890625
2025-11-28 11:35:00-05:00,SELL,18,276.2928971133931,0.009000000000000001,0.4975020263671875
2025-11-28 11:35:00-05:00,BUY,18,276.4871321834819,0.009000000000000001,0.4975020263671875
2025-11-28 11:36:00-05:00,SELL,18,276.26028528550364,0.009000000000000001,0.4974433044433594
2025-11-28 11:36:00-05:00,BUY,18,276.4544974293401,0.009000000000000001,0.4974433044433594
2025-11-28 11:37:00-05:00,SELL,18,276.2529026266175,0.009000000000000001,0.49743001098632816
2025-11-28 11:37:00-05:00,BUY,18,276.4471095804137,0.009000000000000001,0.49743001098632816
2025-11-28 11:38:00-05:00,SELL,18,276.352873590129,0.009000000000000001,0.49761002197265625
2025-11-28 11:38:00-05:00,BUY,18,276.5471508239335,0.009000000000000001,0.49761002197265625
2025-11-28 11:39:00-05:00,SELL,18,276.352873590129,0.009000000000000001,0.49761002197265625
2025-11-28 11:39:00-05:00,BUY,18,276.5471508239335,0.009000000000000001,0.49761002197265625
2025-11-28 11:40:00-05:00,SELL,18,276.27288461657787,0.009000000000000001,0.4974659912109375
2025-11-28 11:40:00-05:00,BUY,18,276.46710561779713,0.009000000000000001,0.4974659912109375
2025-11-28 11:41:00-05:00,SELL,18,276.33286109331374,0.009000000000000001,0.4975739868164063
2025-11-28 11:41:00-05:00,BUY,18,276.52712425824876,0.009000000000000001,0.4975739868164063
2025-11-28 11:42:00-05:00,SELL,18,276.3578462074779,0.009000000000000001,0.49761897583007814
2025-11-28 11:42:00-05:00,BUY,18,276.55212693705334,0.009000000000000001,0.49761897583007814
2025-11-28 11:43:00-05:00,SELL,18,276.43283205682525,0.009000000000000001,0.4977539978027344
2025-11-28 11:43:00-05:00,BUY,18,276.6271655017685,0.009000000000000001,0.4977539978027344
2025-11-28 11:44:00-05:00,SELL,18,276.38286182849697,0.009000000000000001,0.4976640197753906
2025-11-28 11:44:00-05:00,BUY,18,276.5771601441593,0.009000000000000001,0.4976640197753906
2025-11-28 11:45:00-05:00,SELL,18,276.43283205682525,0.009000000000000001,0.4977539978027344
2025-11-28 11:45:00-05:00,BUY,18,276.6271655017685,0.009000000000000001,0.4977539978027344
2025-11-28 11:46:00-05:00,SELL,18,276.32288535176104,0.009000000000000001,0.4975560241699219
2025-11-28 11:46:00-05:00,BUY,18,276.5171415037077,0.009000000000000001,0.4975560241699219
2025-11-28 11:47:00-05:00,SELL,18,276.36284933168173,0.009000000000000001,0.49762798461914065
2025-11-28 11:47:00-05:00,BUY,18,276.5571335784745,0.009000000000000001,0.49762798461914065
2025-11-28 11:48:00-05:00,SELL,18,276.3678524558855,0.009000000000000001,0.49763699340820317
2025-11-28 11:48:00-05:00,BUY,18,276.56214021989575,0.009000000000000001,0.49763699340820317
2025-11-28 11:49:00-05:00,SELL,18,276.3178822275572,0.009000000000000001,0.4975470153808594
2025-11-28 11:49:00-05:00,BUY,18,276.51213486228653,0.009000000000000001,0.4975470153808594
2025-11-28 11:50:00-05:00,SELL,18,276.30467275938497,0.009000000000000001,0.49752322998046883
2025-11-28 11:50:00-05:00,BUY,18,276.49891610780253,0.009000000000000001,0.49752322998046883
2025-11-28 11:51:00-05:00,SELL,18,276.36284933168173,0.009000000000000001,0.49762798461914065
2025-11-28 11:51:00-05:00,BUY,18,276.5571335784745,0.009000000000000001,0.49762798461914065
2025-11-28 11:52:00-05:00,BUY,18,276.7171934624459,0.009000000000000001,0.4979159912109375
2025-11-28 11:52:00-05:00,SELL,18,276.5227967719291,0.009000000000000001,0.4979159912109375
2025-11-28 11:53:00-05:00,BUY,18,276.6571748219943,0.009000000000000001,0.49780799560546873
2025-11-28 11:53:00-05:00,SELL,18,276.4628202951932,0.009000000000000001,0.49780799560546873
2025-11-28 11:54:00-05:00,BUY,18,276.6721947462579,0.009000000000000001,0.4978350219726563
2025-11-28 11:54:00-05:00,SELL,18,276.4778296678046,0.009000000000000001,0.4978350219726563
2025-11-28 11:55:00-05:00,BUY,18,276.77220546147635,0.009000000000000001,0.49801497802734374
2025-11-28 11:55:00-05:00,SELL,18,276.57777012446115,0.009000000000000001,0.49801497802734374
2025-11-28 11:56:00-05:00,BUY,18,276.7572160655141,0.009000000000000001,0.49798800659179693
2025-11-28 11:56:00-05:00,SELL,18,276.56279125870464,0.009000000000000001,0.49798800659179693
2025-11-28 11:57:00-05:00,BUY,18,276.7171934624459,0.009000000000000001,0.4979159912109375
2025-11-28 11:57:00-05:00,SELL,18,276.5227967719291,0.009000000000000001,0.4979159912109375
2025-11-28 11:58:00-05:00,BUY,18,276.7372200281307,0.009000000000000001,0.4979520263671875
2025-11-28 11:58:00-05:00,SELL,18,276.5428092687443,0.009000000000000001,0.4979520263671875
2025-11-28 11:59:00-05:00,BUY,18,276.76722934835647,0.009000000000000001,0.4980060241699219
2025-11-28 11:59:00-05:00,SELL,18,276.5727975071123,0.009000000000000001,0.4980060241699219
2025-11-28 12:00:00-05:00,BUY,18,276.7472027826717,0.009000000000000001,0.4979699890136719
2025-11-28 12:00:00-05:00,SELL,18,276.55278501029704,0.009000000000000001,0.4979699890136719
2025-11-28 12:01:00-05:00,BUY,18,276.8372307433491,0.009000000000000001,0.498131982421875
2025-11-28 12:01:00-05:00,SELL,18,276.6427497254009,0.009000000000000001,0.498131982421875
2025-11-28 12:02:00-05:00,BUY,18,276.76722934835647,0.009000000000000001,0.4980060241699219
2025-11-28 12:02:00-05:00,SELL,18,276.5727975071123,0.009000000000000001,0.4980060241699219
2025-11-28 12:03:00-05:00,BUY,18,276.75730765041817,0.009000000000000001,0.49798817138671875
2025-11-28 12:03:00-05:00,SELL,18,276.56288277926933,0.009000000000000001,0.49798817138671875
2025-11-28 12:04:00-05:00,BUY,18,276.8172347059657,0.009000000000000001,0.4980960021972657
2025-11-28 12:04:00-05:00,SELL,18,276.62276773544056,0.009000000000000001,0.4980960021972657
2025-11-28 12:05:00-05:00,BUY,18,276.7572160655141,0.009000000000000001,0.49798800659179693
2025-11-28 12:05:00-05:00,SELL,18,276.56279125870464,0.009000000000000001,0.49798800659179693
2025-11-28 12:06:00-05:00,BUY,18,276.73819693377385,0.009000000000000001,0.4979537841796875
2025-11-28 12:06:00-05:00,SELL,18,276.54378548810115,0.009000000000000001,0.4979537841796875
2025-11-28 12:07:00-05:00,BUY,18,276.75062195242276,0.009000000000000001,0.4979761413574219
2025-11-28 12:07:00-05:00,SELL,18,276.556201778046,0.009000000000000001,0.4979761413574219
2025-11-28 12:08:00-05:00,BUY,18,276.6771708593777,0.009000000000000001,0.49784397583007817
2025-11-28 12:08:00-05:00,SELL,18,276.4828022851535,0.009000000000000001,0.49784397583007817
2025-11-28 12:09:00-05:00,BUY,18,276.7472027826717,0.009000000000000001,0.4979699890136719
2025-11-28 12:09:00-05:00,SELL,18,276.55278501029704,0.009000000000000001,0.4979699890136719
2025-11-28 12:10:00-05:00,BUY,18,276.68718414222013,0.009000000000000001,0.49786199340820314
2025-11-28 12:10:00-05:00,SELL,18,276.4928085335611,0.009000000000000001,0.49786199340820314
2025-11-28 12:11:00-05:00,BUY,18,276.6971974250625,0.009000000000000001,0.49788001098632817
2025-11-28 12:11:00-05:00,SELL,18,276.50281478196877,0.009000000000000001,0.49788001098632817
2025-11-28 12:12:00-05:00,BUY,18,276.6571748219943,0.009000000000000001,0.49780799560546873
2025-11-28 12:12:00-05:00,SELL,18,276.4628202951932,0.009000000000000001,0.49780799560546873
2025-11-28 12:13:00-05:00,BUY,18,276.73270183953105,0.009000000000000001,0.497943896484375
2025-11-28 12:13:00-05:00,SELL,18,276.53829425421895,0.009000000000000001,0.497943896484375
2025-11-28 12:14:00-05:00,BUY,18,276.6621814634155,0.009000000000000001,0.49781700439453125
2025-11-28 12:14:00-05:00,SELL,18,276.467823419397,0.009000000000000001,0.49781700439453125
2025-11-28 12:15:00-05:00,BUY,18,276.55212693705334,0.009000000000000001,0.49761897583007814
2025-11-28 12:15:00-05:00,SELL,18,276.3578462074779,0.009000000000000001,0.49761897583007814
2025-11-28 12:16:00-05:00,BUY,18,276.59715618154274,0.009000000000000001,0.49770000000000003
2025-11-28 12:16:00-05:00,SELL,18,276.40284381845726,0.009000000000000001,0.49770000000000003
2025-11-28 12:17:00-05:00,BUY,18,276.61715221892615,0.009000000000000001,0.4977359802246094
2025-11-28 12:17:00-05:00,SELL,18,276.4228258084176,0.009000000000000001,0.4977359802246094
2025-11-28 12:18:00-05:00,BUY,18,276.5371375410911,0.009000000000000001,0.4975920043945313
2025-11-28 12:18:00-05:00,SELL,18,276.3428673417214,0.009000000000000001,0.4975920043945313
2025-11-28 12:19:00-05:00,BUY,18,276.61715221892615,0.009000000000000001,0.4977359802246094
2025-11-28 12:19:00-05:00,SELL,18,276.4228258084176,0.009000000000000001,0.4977359802246094
2025-11-28 12:20:00-05:00,BUY,18,276.7372200281307,0.009000000000000001,0.4979520263671875
2025-11-28 12:20:00-05:00,SELL,18,276.5428092687443,0.009000000000000001,0.4979520263671875
2025-11-28 12:21:00-05:00,BUY,18,276.7272067452883,0.009000000000000001,0.4979340087890625
2025-11-28 12:21:00-05:00,SELL,18,276.5328030203367,0.009000000000000001,0.4979340087890625
2025-11-28 12:22:00-05:00,BUY,18,276.81863900782776,0.009000000000000001,0.4980985290527344
2025-11-28 12:22:00-05:00,SELL,18,276.624171050766,0.009000000000000001,0.4980985290527344
2025-11-28 12:23:00-05:00,BUY,18,276.83445266792637,0.009000000000000001,0.4981269836425781
2025-11-28 12:23:00-05:00,SELL,18,276.6399736016049,0.009000000000000001,0.4981269836425781
2025-11-28 12:24:00-05:00,BUY,18,276.8422373847703,0.009000000000000001,0.4981409912109375
2025-11-28 12:24:00-05:00,SELL,18,276.6477528496047,0.009000000000000001,0.4981409912109375
2025-11-28 12:25:00-05:00,BUY,18,277.2273824345858,0.009000000000000001,0.4988340087890625
2025-11-28 12:25:00-05:00,SELL,18,277.0326273310392,0.009000000000000001,0.4988340087890625
2025-11-28 12:26:00-05:00,BUY,18,277.2373957174282,0.009000000000000001,0.49885202636718756
2025-11-28 12:26:00-05:00,SELL,18,277.0426335794468,0.009000000000000001,0.49885202636718756
2025-11-28 12:27:00-05:00,BUY,18,277.12584530429996,0.009000000000000001,0.49865130615234377
2025-11-28 12:27:00-05:00,SELL,18,276.93116153163754,0.009000000000000001,0.49865130615234377
2025-11-28 12:28:00-05:00,BUY,18,277.1173279082237,0.009000000000000001,0.49863598022460937
2025-11-28 12:28:00-05:00,SELL,18,276.9226501191201,0.009000000000000001,0.49863598022460937
2025-11-28 12:29:00-05:00,BUY,18,277.1473372284495,0.009000000000000001,0.49868997802734377
2025-11-28 12:29:00-05:00,SELL,18,276.952638357488,0.009000000000000001,0.49868997802734377
2025-11-28 12:30:00-05:00,BUY,18,277.1073451536827,0.009000000000000001,0.498618017578125
2025-11-28 12:30:00-05:00,SELL,18,276.9126743775673,0.009000000000000001,0.498618017578125
2025-11-28 12:31:00-05:00,BUY,18,277.06732255061445,0.009000000000000001,0.4985460021972657
2025-11-28 12:31:00-05:00,SELL,18,276.8726798907918,0.009000000000000001,0.4985460021972657
2025-11-28 12:32:00-05:00,BUY,18,277.1473372284495,0.009000000000000001,0.49868997802734377
2025-11-28 12:32:00-05:00,SELL,18,276.952638357488,0.009000000000000001,0.49868997802734377
2025-11-28 12:33:00-05:00,BUY,18,277.13735447390843,0.009000000000000001,0.49867201538085937
2025-11-28 12:33:00-05:00,SELL,18,276.9426626159353,0.009000000000000001,0.49867201538085937
2025-11-28 12:34:00-05:00,BUY,18,277.1273411910661,0.009000000000000001,0.4986539978027344
2025-11-28 12:34:00-05:00,SELL,18,276.93265636752767,0.009000000000000001,0.4986539978027344
2025-11-28 12:35:00-05:00,BUY,18,277.2373957174282,0.009000000000000001,0.49885202636718756
2025-11-28 12:35:00-05:00,SELL,18,277.0426335794468,0.009000000000000001,0.49885202636718756
2025-11-28 12:36:00-05:00,BUY,18,277.0583167017166,0.009000000000000001,0.4985297973632813
2025-11-28 12:36:00-05:00,SELL,18,276.8636803685959,0.009000000000000001,0.4985297973632813
2025-11-28 12:37:00-05:00,BUY,18,277.09733187084026,0.009000000000000001,0.49860000000000004
2025-11-28 12:37:00-05:00,SELL,18,276.90266812915974,0.009000000000000001,0.49860000000000004
2025-11-28 12:38:00-05:00,BUY,18,277.19346549178744,0.009000000000000001,0.49877297973632817
2025-11-28 12:38:00-05:00,SELL,18,276.9987342152438,0.009000000000000001,0.49877297973632817
2025-11-28 12:39:00-05:00,BUY,18,277.18735983151765,0.009000000000000001,0.49876199340820315
2025-11-28 12:39:00-05:00,SELL,18,276.9926328442636,0.009000000000000001,0.49876199340820315
2025-11-28 12:40:00-05:00,BUY,18,277.2663976037095,0.009000000000000001,0.49890421142578123
2025-11-28 12:40:00-05:00,SELL,18,277.071615091603,0.009000000000000001,0.49890421142578123
2025-11-28 12:41:00-05:00,BUY,18,277.26078039626134,0.009000000000000001,0.49889410400390627
2025-11-28 12:41:00-05:00,SELL,18,277.06600183030116,0.009000000000000001,0.49889410400390627
2025-11-28 12:42:00-05:00,BUY,18,277.37742903571484,0.009000000000000001,0.4991039978027344
2025-11-28 12:42:00-05:00,SELL,18,277.1825685228789,0.009000000000000001,0.4991039978027344
2025-11-28 12:43:00-05:00,BUY,18,277.33331564026594,0.009000000000000001,0.49902462158203126
2025-11-28 12:43:00-05:00,SELL,18,277.13848611754656,0.009000000000000001,0.49902462158203126
2025-11-28 12:44:00-05:00,BUY,18,277.1073451536827,0.009000000000000001,0.498618017578125
2025-11-28 12:44:00-05:00,SELL,18,276.9126743775673,0.009000000000000001,0.498618017578125
2025-11-28 12:45:00-05:00,BUY,18,277.27738779219504,0.009000000000000001,0.49892398681640626
2025-11-28 12:45:00-05:00,SELL,18,277.08259755936746,0.009000000000000001,0.49892398681640626
2025-11-28 12:46:00-05:00,BUY,18,277.3073055275168,0.009000000000000001,0.49897781982421874
2025-11-28 12:46:00-05:00,SELL,18,277.1124942771707,0.009000000000000001,0.49897781982421874
2025-11-28 12:47:00-05:00,BUY,18,277.49746631661804,0.009000000000000001,0.4993199890136719
2025-11-28 12:47:00-05:00,SELL,18,277.3025214763507,0.009000000000000001,0.4993199890136719
2025-11-28 12:48:00-05:00,BUY,18,277.69583921878206,0.009000000000000001,0.49967693481445313
2025-11-28 12:48:00-05:00,SELL,18,277.5007550194992,0.009000000000000001,0.49967693481445313
2025-11-28 12:49:00-05:00,BUY,18,277.6575262005894,0.009000000000000001,0.49960799560546876
2025-11-28 12:49:00-05:00,SELL,18,277.4624689165981,0.009000000000000001,0.49960799560546876
2025-11-28 12:50:00-05:00,BUY,17,278.08766996659296,0.0085,0.4725829833984375
2025-11-28 12:50:00-05:00,SELL,17,277.89231050215704,0.0085,0.4725829833984375
2025-11-28 12:51:00-05:00,BUY,17,278.0576606463672,0.0085,0.4725319854736328
2025-11-28 12:51:00-05:00,SELL,17,277.86232226378905,0.0085,0.4725319854736328
2025-11-28 12:52:00-05:00,BUY,17,278.2377470960233,0.0085,0.4728380249023438
2025-11-28 12:52:00-05:00,SELL,17,278.0422822008517,0.0085,0.4728380249023438
2025-11-28 12:53:00-05:00,BUY,17,278.2977657364749,0.0085,0.4729400207519531
2025-11-28 12:53:00-05:00,SELL,17,278.1022586775876,0.0085,0.4729400207519531
2025-11-28 12:54:00-05:00,BUY,17,278.6278682589587,0.0085,0.4735009979248047
2025-11-28 12:54:00-05:00,SELL,17,278.43212929963505,0.0085,0.4735009979248047
2025-11-28 12:55:00-05:00,BUY,17,278.87795610360746,0.0085,0.4739259979248047
2025-11-28 12:55:00-05:00,SELL,17,278.6820414549863,0.0085,0.4739259979248047
2025-11-28 12:56:00-05:00,BUY,17,278.79293478435125,0.0085,0.4737815124511719
2025-11-28 12:56:00-05:00,SELL,17,278.59707986408625,0.0085,0.4737815124511719
2025-11-28 12:57:00-05:00,BUY,17,278.8829627450287,0.0085,0.47393450622558597
2025-11-28 12:57:00-05:00,SELL,17,278.68704457919006,0.0085,0.47393450622558597
2025-11-28 12:58:00-05:00,BUY,17,278.99799338451066,0.0085,0.4741299896240234
2025-11-28 12:58:00-05:00,SELL,17,278.8019944084581,0.0085,0.4741299896240234
2025-11-28 12:59:00-05:00,BUY,17,278.9579707814425,0.0085,0.4740619750976563
2025-11-28 12:59:00-05:00,SELL,17,278.7619999216825,0.0085,0.4740619750976563
